"URL","CODE","LABEL_EN","DESCRIPTION_EN"
"https://codelist.commonapproach.org/IrisMetric53#FP1001","FP1001","Operating Expenses","Value of expenditures incurred by the organization as a result of performing its normal business operations during the reporting period."
"https://codelist.commonapproach.org/IrisMetric53#FP1012","FP1012","Interest Expenses","Value of expenditures incurred by the organization during the reporting period as a result of interest incurred on all liabilities, including any client deposit accounts held by the organization, borrowings, and subordinated debt."
"https://codelist.commonapproach.org/IrisMetric53#FP1129","FP1129","Loans Receivable Net","Net value of the organization's loans receivable as of the end of the reporting period."
"https://codelist.commonapproach.org/IrisMetric53#FP1192","FP1192","Loan to Deposit (LTD) Ratio","Ratio between the organization's loans receivable gross and its total deposits as of the end of the reporting period, used to assess an organization's liquidity."
"https://codelist.commonapproach.org/IrisMetric53#FP1301","FP1301","Net Income","Value of the organization's net profit, calculated as total income minus total expenses, taxes, and cost of goods sold during the reporting period."
"https://codelist.commonapproach.org/IrisMetric53#FP1307","FP1307","Capital Available: Total","Value of capital available to the organization for lending and investing as of the end of the reporting period."
"https://codelist.commonapproach.org/IrisMetric53#FP1657","FP1657","EBITDA","Value of the organization's net income before interest, taxes, depreciation, and amortization during the reporting period.

EBITDA signifies Earnings Before Interest, Taxes, Depreciation, and Amortization."
"https://codelist.commonapproach.org/IrisMetric53#FP1717","FP1717","Impaired Assets","Value of assets classified as impaired under regulatory or accounting rules and recorded by the organization during the reporting period."
"https://codelist.commonapproach.org/IrisMetric53#FP1996","FP1996","Total Liabilities","Value of the organization’s liabilities as of the end of the reporting period."
"https://codelist.commonapproach.org/IrisMetric53#FP2213","FP2213","Accounts Receivable","Value, as of the end of the reporting period, of the organization’s outstanding debts from clients who received goods or services on credit."
"https://codelist.commonapproach.org/IrisMetric53#FP2269","FP2269","Current Liabilities","Value, as of the end of the reporting period, of all liabilities that are expected to be settled within one year in the normal course of business."
"https://codelist.commonapproach.org/IrisMetric53#FP2321","FP2321","Total Expenses","Value of all expenditures incurred by the organization during the reporting period."
"https://codelist.commonapproach.org/IrisMetric53#FP2392","FP2392","Impairment Loss Allowance","Value of the organization’s contra asset account set up as a provision for a potential future loss of capital that has been lent out by the organization as of the end of the reporting period."
"https://codelist.commonapproach.org/IrisMetric53#FP2460","FP2460","Gross Incurred Claims","Value of the organization’s gross incurred claims as of the end of the reporting period."
"https://codelist.commonapproach.org/IrisMetric53#FP2553","FP2553","Financial Expenses","Value of expenditures incurred by the organization during the reporting period to settle interest, fees, and commissions incurred on the organization’s financial liabilities—including, among others, any client deposit accounts held by the organization, borrowings, and subordinated debt."
"https://codelist.commonapproach.org/IrisMetric53#FP2630","FP2630","Loans Receivable Gross","Value of outstanding principal for all of the organization’s outstanding loans due from clients as of the end of the reporting period."
"https://codelist.commonapproach.org/IrisMetric53#FP2635","FP2635","Non-Performing Loans (Portfolio at Risk): 30 Days","Value of the organization’s loans outstanding, as of the end of the reporting period, with one or more installments of principal past due for more than 30 days."
"https://codelist.commonapproach.org/IrisMetric53#FP2638","FP2638","Capital Available: Borrowed Funds","Value of capital available to the organization for lending and investing as of the end of the reporting period that is attributed to debt obligations on the organization’s balance sheet."
"https://codelist.commonapproach.org/IrisMetric53#FP2651","FP2651","Return on Equity (ROE)","Value of an organization’s net profit generated per dollar of shareholders’ equity during the reporting period.

This is a profitability ratio calculated as net income divided by average total equity or net assets."
"https://codelist.commonapproach.org/IrisMetric53#FP2852","FP2852","Accounts Payable","Value, as of the end of the reporting period, of all outstanding debts that must be paid by the organization within a given period of time in order to avoid default."
"https://codelist.commonapproach.org/IrisMetric53#FP3021","FP3021","Revenue from Grants and Donations","Value of revenue contributed as grants and donations during the reporting period."
"https://codelist.commonapproach.org/IrisMetric53#FP3274","FP3274","Net Income Before Donations","Value of the organization's net profit before donations, calculated as total income (excluding donations) minus total expenses during the reporting period."
"https://codelist.commonapproach.org/IrisMetric53#FP3297","FP3297","Income Growth","Percentage growth in the value of the organization’s net income from one reporting period to another."
"https://codelist.commonapproach.org/IrisMetric53#FP3466","FP3466","Cash Flow: Net Total","Value of the organization’s net cash flow during the reporting period. Net cash flow equals inflows less outflows of cash and cash equivalents from operating, investing, financing, and other activities."
"https://codelist.commonapproach.org/IrisMetric53#FP3673","FP3673","EBIT","Value of the organization's net income before interest and taxes during the reporting period.

EBIT signifies Earnings Before Interest and Taxes."
"https://codelist.commonapproach.org/IrisMetric53#FP3774","FP3774","Charitable Donations","Value of all financial contributions and in-kind donations of goods and services made by the organization to charities, private foundations, non-profit organizations, or non-governmental organizations during the reporting period."
"https://codelist.commonapproach.org/IrisMetric53#FP3939","FP3939","Loans Recovered","Value of loans collected by the organization during the reporting period that had previously been written off."
"https://codelist.commonapproach.org/IrisMetric53#FP4224","FP4224","Working Capital Ratio","Ratio of the organization’s current assets compared to current liabilities as of the end of the reporting period."
"https://codelist.commonapproach.org/IrisMetric53#FP4326","FP4326","Return on Assets (ROA)","Value of an organization’s net profit after taxes generated per dollar invested in total assets as of the end of the reporting period.

This is a profitability ratio calculated as net income less taxes, divided by average total assets."
"https://codelist.commonapproach.org/IrisMetric53#FP4373","FP4373","Gross Margin","Percentage of revenue that the organization retains after incurring the direct costs associated with the production/delivery of its products/services during the reporting period."
"https://codelist.commonapproach.org/IrisMetric53#FP4649","FP4649","Financial Assets","Value, as of the end of the reporting period, of the organization's non-physical assets such as cash, bank accounts, or other investments."
"https://codelist.commonapproach.org/IrisMetric53#FP4761","FP4761","Revenue Growth","Percentage growth in value of the organization's revenue from one reporting period to another."
"https://codelist.commonapproach.org/IrisMetric53#FP4812","FP4812","Cash Flow: Operating Activities","Value of the organization's cash flow during the reporting period related to operating activities."
"https://codelist.commonapproach.org/IrisMetric53#FP4831","FP4831","Personnel Expenses","Value of expenditures related to personnel, including wages, benefits, trainings, and payroll taxes, incurred by the organization during the reporting period."
"https://codelist.commonapproach.org/IrisMetric53#FP4849","FP4849","Non-operating Revenue","Value of revenue derived from activities not related to the organization's core operations during the reporting period."
"https://codelist.commonapproach.org/IrisMetric53#FP5261","FP5261","Payments to Government","Value of all transfers to governments made by the organization during the reporting period."
"https://codelist.commonapproach.org/IrisMetric53#FP5293","FP5293","Total Assets","Value, as of the end of the reporting period, of all of the organization's assets."
"https://codelist.commonapproach.org/IrisMetric53#FP5317","FP5317","Equity or Net Assets","Value of the residual interest, as of the end of the reporting period, in the assets of the organization after deducting all its liabilities."
"https://codelist.commonapproach.org/IrisMetric53#FP5624","FP5624","Sales Revenue: Collected from Third Party Payers","Value of revenue during the reporting period from sales of the organization’s products/services and collected from third-party (public or private) payers."
"https://codelist.commonapproach.org/IrisMetric53#FP5662","FP5662","Capital Available: Equity Capital","Value of capital available to the organization for lending and investing at the end of the reporting period that is attributed to equity contributions."
"https://codelist.commonapproach.org/IrisMetric53#FP5979","FP5979","Number of Loans Fully Repaid on Time","Number of the organization’s loans due for complete payback during the reporting period (but disbursed at any time) that were repaid no later than their due dates."
"https://codelist.commonapproach.org/IrisMetric53#FP6094","FP6094","Long Term Financial Liabilities","Value, as of the end of the reporting period, of an organization's long-term financial liabilities."
"https://codelist.commonapproach.org/IrisMetric53#FP6152","FP6152","Solvency Ratio","Ratio of an organization’s admitted assets to liabilities, per their statutory accounts, as of the end of the reporting period."
"https://codelist.commonapproach.org/IrisMetric53#FP6354","FP6354","Non-Performing Loans (Portfolio at Risk): 60 Days","Value of the organization’s loans outstanding, as of the end of the reporting period, with one or more installments of principal past due for more than 60 days."
"https://codelist.commonapproach.org/IrisMetric53#FP6373","FP6373","Non-Performing Loans (Portfolio at Risk): 90 Days","Value of the organization’s loans outstanding, as of the end of the reporting period, with one or more installments of principal past due for more than 90 days."
"https://codelist.commonapproach.org/IrisMetric53#FP6462","FP6462","Cash and Cash Equivalents: Period End","Value of the organization's cash equivalents as of the end of the reporting period."
"https://codelist.commonapproach.org/IrisMetric53#FP6510","FP6510","Total Revenue","Value of all revenue received by the organization during the reporting period."
"https://codelist.commonapproach.org/IrisMetric53#FP6750","FP6750","Loans Payable","Value of the remaining balance, as of the end of the reporting period, on all the organization's outstanding debt obligations carried on the balance sheet."
"https://codelist.commonapproach.org/IrisMetric53#FP6856","FP6856","Working Capital","Value of the organization's operating liquidity as of the end of the reporting period."
"https://codelist.commonapproach.org/IrisMetric53#FP6926","FP6926","Current Assets","Value, as of the end of the reporting period, of the organization's assets that the organization reasonably expects to convert into cash within one year in the normal course of business."
"https://codelist.commonapproach.org/IrisMetric53#FP7264","FP7264","Cash and Cash Equivalents: Period Start","Value of the organization's cash equivalents as of the beginning of the reporting period."
"https://codelist.commonapproach.org/IrisMetric53#FP7629","FP7629","Gross Profit","Value of the organization's residual profit after incurring the direct costs associated with the production/delivery of products/services during the reporting period."
"https://codelist.commonapproach.org/IrisMetric53#FP7897","FP7897","Operating Profit Margin","Percentage of the organization's revenue that remains after paying variable costs such as wages and raw materials during the reporting period."
"https://codelist.commonapproach.org/IrisMetric53#FP8244","FP8244","Cash Flow: Financing Activities","Value of the organization's cash flow during the reporting period related to its financing activities."
"https://codelist.commonapproach.org/IrisMetric53#FP8293","FP8293","New Investment Capital","Value of funds invested in the organization (both loans and investments) during the reporting period."
"https://codelist.commonapproach.org/IrisMetric53#FP8295","FP8295","Personnel Efficiency","Ratio of the organization's personnel expenses compared to its loans receivable as of the end of the reporting period."
"https://codelist.commonapproach.org/IrisMetric53#FP8300","FP8300","Sales Revenue: Collected Directly","Value of revenue during the reporting period from sales of the organization’s products/services and collected directly from clients."
"https://codelist.commonapproach.org/IrisMetric53#FP8478","FP8478","Incurred Claims Ratio","Percentage of gross incurred claims during the reporting period relative to gross earned premiums during the same reporting period."
"https://codelist.commonapproach.org/IrisMetric53#FP8569","FP8569","Operating Efficiency","Ratio of the organization's operating expenses compared to its loans receivable as of the end of the reporting period."
"https://codelist.commonapproach.org/IrisMetric53#FP8653","FP8653","Retained Earnings","Value of the sum of the organization's profits, cumulative from inception to the end of the reporting period, not paid out as dividends but retained by the organization for reinvestment in its core business or to pay down debt."
"https://codelist.commonapproach.org/IrisMetric53#FP9083","FP9083","Total Deposits","Value of the organization’s customer deposits, whether voluntary, compulsory, demand, or term, as well as all other liabilities from customers as of the end of the reporting period."
"https://codelist.commonapproach.org/IrisMetric53#FP9148","FP9148","Fixed Assets","Value, as of the end of the reporting period, of the organization's long-term tangible assets that the organization does not expect to convert into cash in the current or upcoming fiscal year."
"https://codelist.commonapproach.org/IrisMetric53#FP9462","FP9462","Depreciation and Amortization Expenses","Value of expenses recorded by the organization during the reporting period for depreciation and amortization."
"https://codelist.commonapproach.org/IrisMetric53#FP9573","FP9573","Capital Expenditure (CapEx)","Value of funds used by a company to acquire, upgrade, and maintain physical assets such as property, plants, buildings, technology, or equipment during the reporting period."
"https://codelist.commonapproach.org/IrisMetric53#FP9649","FP9649","Selling, General, and Administration Expenses","This metric is intended to capture the costs the organization incurred during the reporting period for depreciation and amortization of assets on a defined schedule over time."
"https://codelist.commonapproach.org/IrisMetric53#FP9703","FP9703","Cash Flow: Investing Activities","Value of the organization's cash flow during the reporting period related to investing activities by the organization."
"https://codelist.commonapproach.org/IrisMetric53#FP9717","FP9717","Loan Write-Offs","Value of loans written off by the organization during the reporting period."
"https://codelist.commonapproach.org/IrisMetric53#FP9954","FP9954","Value of Loans Fully Repaid on Time","Value of the organization’s loans due for complete payback during the reporting period (but disbursed at any time) that were repaid no later than their due dates."
"https://codelist.commonapproach.org/IrisMetric53#ID0120","ID0120","Racial Equity Negative Screen","Indicates whether the investing organization applied a racial equity–focused negative screen to all investments during the reporting period, including at least an analysis of potential harmful effects on communities historically marginalized due to race and/or ethnicity."
"https://codelist.commonapproach.org/IrisMetric53#ID1046","ID1046","Racial Equity Audit","Indicates whether the organization completed a racial equity audit during the reporting period."
"https://codelist.commonapproach.org/IrisMetric53#ID8539","ID8539","Bias-Reducing Investment Practices","Describes practices the investing organization implemented during the reporting period to reduce biases in investment criteria, policies, and processes that have disproportionately negative effects on entrepreneurs who are from groups historically marginalized due to race and/or ethnicity. See usage guidance for specific practices to address."
"https://codelist.commonapproach.org/IrisMetric53#ID9449","ID9449","Racial Equity Strategy","Indicates whether the organization implements a strategy to set targets, drive progress toward, and report on racial equity goals."
"https://codelist.commonapproach.org/IrisMetric53#ID9608","ID9608","Assets Under Management: Total","Value of the investing organization's total assets under management as of the end of the reporting period."
"https://codelist.commonapproach.org/IrisMetric53#II0324","II0324","Value of Capacity Building and Advisory Services Provided","Value of the investing organization's support for capacity-building efforts at investee companies as of the end of the reporting period."
"https://codelist.commonapproach.org/IrisMetric53#II2107","II2107","Fund Managers: Considered for Investment","Number of unique individuals affiliated with the organization who were candidates to manage client assets via funds and/or separate accounts during the reporting period."
"https://codelist.commonapproach.org/IrisMetric53#II4910","II4910","Assets Under Management: Managed by Fund Managers from Historically Marginalized Groups","Value of the investing organization's assets under management (AUM) invested with fund managers from groups historically marginalized due to race and/or ethnicity as of the end of the reporting period."
"https://codelist.commonapproach.org/IrisMetric53#II5202","II5202","Companies Considered for Investment: Total","Number of companies the organization considered for investment—that is, in the pipeline—during the reporting period."
"https://codelist.commonapproach.org/IrisMetric53#II5889","II5889","Fund Managers: Total","Number of unique individuals affiliated with the organization who were managing client assets via funds and/or separate accounts as of the end of the reporting period."
"https://codelist.commonapproach.org/IrisMetric53#II6610","II6610","Value of Investments in Communities Historically Marginalized Due to Race and/or Ethnicity","Value of the investing organization's assets under management deployed to communities that are predominantly populated by groups historically marginalized due to race and/or ethnicity as of the end of the reporting period."
"https://codelist.commonapproach.org/IrisMetric53#II8439","II8439","Companies Considered for Investment: Led by Founders from Historically Marginalized Groups due to Race and/or Ethnicity","Number of companies the organization considered for investment—that is, in the pipeline—during the reporting period that were led by founders from groups historically marginalized due to race and/or ethnicity."
"https://codelist.commonapproach.org/IrisMetric53#II8480","II8480","Value of Investments in Company: Outstanding","Value of the investing organization's outstanding investment in a company as of the end of the reporting period. See usage guidance for details."
"https://codelist.commonapproach.org/IrisMetric53#II9005","II9005","Value of Investments in Company: Total","Value of the investing organization's investment in a company as of the beginning of the investment."
"https://codelist.commonapproach.org/IrisMetric53#OD0482","OD0482","Racial Equity Transparency Practice","Indicates whether the organization has a formalized and ongoing practice of sharing publicly its positions, practices, progress, and advocacy related to racial equity as a mechanism to build trust and ensure adherence."
"https://codelist.commonapproach.org/IrisMetric53#OD1777","OD1777","Location of Organization's Operating Facilities","Address of the organization's operating facilities."
"https://codelist.commonapproach.org/IrisMetric53#OD2311","OD2311","Racial Equity Advocacy Strategy","Indicates whether the organization has an advocacy strategy in place to support racial equity and justice efforts at local and national levels as of the end of the reporting period."
"https://codelist.commonapproach.org/IrisMetric53#OD2735","OD2735","Mission Statement","Describes the mission statement of the organization."
"https://codelist.commonapproach.org/IrisMetric53#OD2999","OD2999","Legal Structure","Describes the legal structure of the organization. Select one:

- Benefit Corporation
- Co-op
- Corporation
- Limited Liability Company
- Nonprofit/Non-Governmental Organization
- Partnership
- Sole-proprietorship
- Other"
"https://codelist.commonapproach.org/IrisMetric53#OD3292","OD3292","Board of Directors Remuneration","Describes the compensation practices for members of the board of directors or other governing body of the reporting organization."
"https://codelist.commonapproach.org/IrisMetric53#OD3520","OD3520","Year Founded","Year the organization was founded."
"https://codelist.commonapproach.org/IrisMetric53#OD3725","OD3725","IRIS ID","IRIS ID of the organization reporting data."
"https://codelist.commonapproach.org/IrisMetric53#OD4091","OD4091","Social and Environmental Targets","Describes the quantifiable social and environmental targets set by the organization."
"https://codelist.commonapproach.org/IrisMetric53#OD4108","OD4108","Environmental Impact Objectives","Describes the environmental impact objectives pursued by the organization. Select all that apply:

Agriculture—Food Security:

- Increasing Access to Agricultural Training and Information
- Increasing Access to and Use of Products and Services for Agricultural Risk Mitigation
- Increasing Access to Better, Stable Pricing of Agricultural Products
- Increasing Farm Profitability
- Increasing Financial Health of Farmers
- Increasing Food Security through Smallholder Farms
- Mitigating Climate Change through Sustainable Agriculture

Agriculture—Smallholder Agriculture:

- Improving Agricultural Water Use Practices
- Improving Rural Economies through Financial Inclusion
- Increasing Access to Agricultural Training and Information
- Increasing Access to and Use of Products and Services for Agricultural Risk Mitigation
- Increasing Access to and Use of Quality Agricultural Inputs
- Increasing Access to Better, Stable Pricing of Agricultural Products
- Increasing Farm Profitability
- Increasing Financial Health of Farmers
- Increasing Food Security through Smallholder Farms
- Increasing the Sustainability of Non-Wood Forest Products
- Mitigating Climate Change through Sustainable Agriculture

Agriculture—Sustainable Agriculture:

- Conserving River Flows for Nature and People
- Improving Agricultural Water Use Practices
- Mitigating Climate Change through Sustainable Agriculture

Agriculture—Other (describe)

Air—Clean Air:

- Mitigating Carbon Emissions from Forestry and Land Use
- Mitigating Climate Change through Carbon Capture and Sequestration
- Mitigating Climate Change through Clean Electricity and Heat Production
- Mitigating Climate Change through Clean Mobility
- Mitigating Climate Change through Sustainable Manufacturing

Air—Other (describe)

Biodiversity and Ecosystems—Biodiversity & Ecosystem Conservation:

- Conserving River Flows for Nature and People
- Improving Agricultural Water Use Practices
- Improving Biodiversity by Reducing Impacts from Salt- and Freshwater Aquaculture and Fisheries
- Improving Biodiversity through Marine Ecosystem Conservation and Restoration
- Improving Biodiversity through Nature-Based Solutions and Green Infrastructure
- Improving Biodiversity through Terrestrial Ecosystem Protection and Restoration
- Improving Water Quality Through Source Water Protection
- Increasing the Sustainability of Wood and Wood-Based Products

Biodiversity and Ecosystems—Other (describe)

Climate—Climate Change Mitigation:

- Improving Sustainability of Industrial and Municipal Water Practices
- Improving WASH through Water Infrastructure and Management
- Increasing the Sustainability of Wood and Wood-Based Products
- Mitigating Carbon Emissions from Forestry and Land Use
- Mitigating Climate Change through Carbon Capture and Sequestration
-  Mitigating Climate Change through Clean Electricity and Heat Production
- Mitigating Climate Change through Clean Mobility
- Mitigating Climate Change through Sustainable Agriculture
- Mitigating Climate Change through Sustainable Manufacturing

Climate—Climate Resilience and Adaptation:

- Improving Job Skills for the Future
- Improving WASH through Water Infrastructure and Management

Climate—Other (describe)

Diversity and Inclusion—Gender Lens:

- Improving Earnings and Wealth Through Employment and Entrepreneurship (Particularly for Disadvantaged and Excluded Groups)
- Improving Equitable Access to Education and Learning for All
- Improving Rights, Respect, and Cooperation in the Workplace
- Increasing Gender Equality through Financial Inclusion
- Increasing Job Security and Stability for Workers in Precarious Employment
- Reducing Gender Inequities in Governance, Leadership, and Ownership
- Reducing Gender Inequities in Pay
- Reducing Gender Inequities in Workplace Conditions
- Reducing Gender Inequities through Tailored Products and Services

Diversity and Inclusion—Racial Equity:

- Improving Earnings and Wealth Through Employment and Entrepreneurship (Particularly for Disadvantaged and Excluded Groups)
- Improving Rights, Respect, and Cooperation in the Workplace
- Increasing Inclusive Capital to Create Equitable Outcomes for Communities of Color (Justice)
- Increasing Job Security and Stability for Workers in Precarious Employment
- Shifting Power by Addressing Racial Bias and Ensuring Equitable Representation and Decision-Making
- Shifting the Perception of Risk through Equitable Deal Sourcing, Due Diligence, and Terms

Diversity and Inclusion—Other (describe)

Education—Access to Quality Education:

- Improving Access to Education for Children in Crisis and Conflict-Affected Environments
- Improving Early Childhood Care and Education
- Improving Equitable Access to Education and Learning for All
- Improving Job Skills for the Future
- Improving the Quality of Teaching and Learning Environments
- Improving The Successful Transition of Youth into the Workforce and Society
- Improving the Transparency and Accountability of Education Management Systems

Education—Other (describe)

Employment—Quality Jobs:

- Improving Earnings and Wealth Through Employment and Entrepreneurship (Particularly for Disadvantaged and Excluded Groups)
- Improving Health and Well-Being Across the Workforce
- Improving Job Skills for the Future
- Improving Rights, Respect, and Cooperation in the Workplace
- Increasing Job Security and Stability for Workers in Precarious Employment

Employment—Other (describe)

Energy—Clean Energy:

- Improving Access to Clean Energy for Underserved Communities
- Increasing Availability of Clean Energy through Improved Transmission and Distribution Infrastructure
- Increasing Clean Energy Generation through Low- and Zero-Carbon Alternatives
- Increasing Clean Energy Storage Capacity through Improved Batteries and Other Technologies
- Mitigating Climate Change through Clean Electricity and Heat Production
- Mitigating Climate Change through Clean Mobility

Energy—Energy Access:

- Improving Energy Alternatives for Cooking
- Improving Energy Alternatives for Healthcare
- Improving Energy for Connectivity
- Improving Lighting for Business
- Improving Lighting for Homes
- Mitigating Climate Change through Clean Electricity and Heat Production - Reducing Harmful Emissions from Small-Scale Energy Sources

Energy—Energy Efficiency:

- Improving Sustainability of Industrial and Municipal Water Practices
- Mitigating Climate Change through Clean Electricity and Heat Production
- Mitigating Climate Change through Clean Mobility
- Mitigating Climate Change through Sustainable Manufacturing

Energy—Other (describe)

Financial Services—Financial Inclusion:

- Improving Access to and Use of Responsible Financial Services for Historically Underserved Populations
- Improving Access to WASH Through Affordable Household Financing
- Improving Earnings and Wealth Through Employment and Entrepreneurship (Particularly for Disadvantaged and Excluded Groups)
- Improving Financial Health
- Improving Rural Economies through Financial Inclusion
- Increasing Access to and Use of Products and Services for Agricultural Risk Mitigation
- Increasing Access to Non-Sewered Sanitation Services
- Increasing Access to Sewered Sanitation Services
- Increasing Farm Profitability
- Increasing Financial Health of Farmers
- Increasing Gender Equality through Financial Inclusion
- Supporting Decent Jobs and Fostering Economic Development

Financial Services—Other (describe)

Health—Access to Quality Health Care:

- Improving Data for Health Systems Policy and Decision-Making
- Improving Early Childhood Care and Education
- Improving Energy Alternatives for Healthcare
- Improving Health and Well-Being Across the Workforce
- Improving WASH through Water Infrastructure and Management
- Increasing Access to Essential Medicines, Medical Supplies, and Devices
- Increasing Access to Medical Diagnostics
- Increasing Consistent Supply of Essential Services and Products
- Reducing Financial Barriers to Health Services

Health—Nutrition

Health—Other (describe)

Infrastructure—Resilient Infrastructure:

- Reducing Flood Risk and Stormwater Impacts through Green Infrastructure

Infrastructure—Other (describe)

Land—Natural Resources Conservation:

- Improving Agricultural Water Use Practices
- Improving Water Quality Through Source Water Protection

Land—Sustainable Forestry:

- Increasing the Sustainability of Local Economies and Communities through Forestry and Land Use
- Increasing the Sustainability of Non-Wood Forest Products
- Increasing the Sustainability of Wood and Wood-Based Products
- Mitigating Carbon Emissions from Forestry and Land Use

Land—Sustainable Land Management:

- Improving Sustainability of Industrial and Municipal Water Practices

Land—Other (describe)

Oceans & Coastal Zones—Marine Resource Conservation and Management:

- Improving Water Quality Through Source Water Protection

Oceans & Coastal Zones—Other (describe)

Pollution—Pollution Prevention:

- Improving Sustainability of Industrial and Municipal Water Practices
- Mitigating Carbon Emissions from Forestry and Land Use
- Reducing Harmful Emissions from Small-Scale Energy Sources

Pollution—Other (describe)

Real Estate—Affordable Quality Housing:

- Improving Housing Quality
- Increasing Residential Stability
- Increasing Housing Affordability
- Increasing Access to Supportive Services through Housing

Real Estate—Green Buildings

Real Estate—Other (describe)

Waste—Waste Management:

- Improving Sustainability of Industrial and Municipal Water Practices

Waste—Other (describe)

Water—Sustainable Water Management:

- Conserving River Flows for Nature and People
- Improving Access to WASH Through Affordable Household Financing
- Improving Agricultural Water Use Practices
- Improving Sustainability of Industrial and Municipal Water Practices
- Improving WASH through Water Infrastructure and Management
- Improving Water Quality Through Source Water Protection
- Increasing Access to Non-Sewered Sanitation Services
- Increasing Access to Sewered Sanitation Services
- Reducing Flood Risk and Stormwater Impacts Through Green Infrastructure

Water—Water, Sanitation, and Hygiene (WASH):

- Conserving River Flows for Nature and People
- Improving Access to WASH in Schools and Healthcare Centers
- Improving Access to WASH Through Affordable Household Financing
- Improving Sustainability of Industrial and Municipal Water Practices
- Improving WASH through Water Infrastructure and Management
- Increasing Access to Non-Sewered Sanitation Services
- Increasing Access to Sewered Sanitation Services

Water—Other (describe)"
"https://codelist.commonapproach.org/IrisMetric53#OD4232","OD4232","Women's Career Advancement Initiative","Indicates whether the organization has an initiative in place to advance women in their workforce."
"https://codelist.commonapproach.org/IrisMetric53#OD5828","OD5828","Name of Organization","Name of the organization."
"https://codelist.commonapproach.org/IrisMetric53#OD5990","OD5990","Reporting Currency","The national currency used to report currency figures in this IRIS report.

Indicate based on the International Organization for Standardization (ISO) Currency List. Select from the options in the Reference List tab."
"https://codelist.commonapproach.org/IrisMetric53#OD6247","OD6247","Social Impact Objectives","Describes the social impact objectives pursued by the organization. Select all that apply:

Agriculture—Food Security:

- Increasing Access to Agricultural Training and Information
- Increasing Access to and Use of Products and Services for Agricultural Risk Mitigation
- Increasing Access to Better, Stable Pricing of Agricultural Products
- Increasing Farm Profitability
- Increasing Financial Health of Farmers
- Increasing Food Security through Smallholder Farms
- Mitigating Climate Change through Sustainable Agriculture

Agriculture—Smallholder Agriculture:

- Improving Agricultural Water Use Practices
- Improving Rural Economies through Financial Inclusion
- Increasing Access to Agricultural Training and Information
- Increasing Access to and Use of Products and Services for Agricultural Risk Mitigation
- Increasing Access to and Use of Quality Agricultural Inputs
- Increasing Access to Better, Stable Pricing of Agricultural Products
- Increasing Farm Profitability
- Increasing Financial Health of Farmers
- Increasing Food Security through Smallholder Farms
- Increasing the Sustainability of Non-Wood Forest Products
- Mitigating Climate Change through Sustainable Agriculture

Agriculture—Sustainable Agriculture:

- Conserving River Flows for Nature and People
- Improving Agricultural Water Use Practices
- Mitigating Climate Change through Sustainable Agriculture

Agriculture—Other (describe)

Air—Clean Air:

- Mitigating Carbon Emissions from Forestry and Land Use
- Mitigating Climate Change through Carbon Capture and Sequestration
- Mitigating Climate Change through Clean Electricity and Heat Production
- Mitigating Climate Change through Clean Mobility
- Mitigating Climate Change through Sustainable Manufacturing

Air—Other (describe)

Biodiversity and Ecosystems—Biodiversity & Ecosystem Conservation:

- Conserving River Flows for Nature and People
- Improving Agricultural Water Use Practices
- Improving Biodiversity by Reducing Impacts from Salt- and Freshwater Aquaculture and Fisheries
- Improving Biodiversity through Marine Ecosystem Conservation and Restoration
- Improving Biodiversity through Nature-Based Solutions and Green Infrastructure
- Improving Biodiversity through Terrestrial Ecosystem Protection and Restoration
- Improving Water Quality Through Source Water Protection
- Increasing the Sustainability of Wood and Wood-Based Products

Biodiversity and Ecosystems—Other (describe)

Climate—Climate Change Mitigation:

- Improving Sustainability of Industrial and Municipal Water Practices
- Improving WASH through Water Infrastructure and Management
- Increasing the Sustainability of Wood and Wood-Based Products
- Mitigating Carbon Emissions from Forestry and Land Use
- Mitigating Climate Change through Carbon Capture and Sequestration
-  Mitigating Climate Change through Clean Electricity and Heat Production
- Mitigating Climate Change through Clean Mobility
- Mitigating Climate Change through Sustainable Agriculture
- Mitigating Climate Change through Sustainable Manufacturing

Climate—Climate Resilience and Adaptation:

- Improving Job Skills for the Future
- Improving WASH through Water Infrastructure and Management

Climate—Other (describe)

Diversity and Inclusion—Gender Lens:

- Improving Earnings and Wealth Through Employment and Entrepreneurship (Particularly for Disadvantaged and Excluded Groups)
- Improving Equitable Access to Education and Learning for All
- Improving Rights, Respect, and Cooperation in the Workplace
- Increasing Gender Equality through Financial Inclusion
- Increasing Job Security and Stability for Workers in Precarious Employment
- Reducing Gender Inequities in Governance, Leadership, and Ownership
- Reducing Gender Inequities in Pay
- Reducing Gender Inequities in Workplace Conditions
- Reducing Gender Inequities through Tailored Products and Services

Diversity and Inclusion—Racial Equity:

- Improving Earnings and Wealth Through Employment and Entrepreneurship (Particularly for Disadvantaged and Excluded Groups)
- Improving Rights, Respect, and Cooperation in the Workplace
- Increasing Inclusive Capital to Create Equitable Outcomes for Communities of Color (Justice)
- Increasing Job Security and Stability for Workers in Precarious Employment
- Shifting Power by Addressing Racial Bias and Ensuring Equitable Representation and Decision-Making
- Shifting the Perception of Risk through Equitable Deal Sourcing, Due Diligence, and Terms

Diversity and Inclusion—Other (describe)

Education—Access to Quality Education:

- Improving Access to Education for Children in Crisis and Conflict-Affected Environments
- Improving Early Childhood Care and Education
- Improving Equitable Access to Education and Learning for All
- Improving Job Skills for the Future
- Improving the Quality of Teaching and Learning Environments
- Improving The Successful Transition of Youth into the Workforce and Society
- Improving the Transparency and Accountability of Education Management Systems

Education—Other (describe)

Employment—Quality Jobs:

- Improving Earnings and Wealth Through Employment and Entrepreneurship (Particularly for Disadvantaged and Excluded Groups)
- Improving Health and Well-Being Across the Workforce
- Improving Job Skills for the Future
- Improving Rights, Respect, and Cooperation in the Workplace
- Increasing Job Security and Stability for Workers in Precarious Employment

Employment—Other (describe)

Energy—Clean Energy:

- Improving Access to Clean Energy for Underserved Communities
- Increasing Availability of Clean Energy through Improved Transmission and Distribution Infrastructure
- Increasing Clean Energy Generation through Low- and Zero-Carbon Alternatives
- Increasing Clean Energy Storage Capacity through Improved Batteries and Other Technologies
- Mitigating Climate Change through Clean Electricity and Heat Production
- Mitigating Climate Change through Clean Mobility

Energy—Energy Access:

- Improving Energy Alternatives for Cooking
- Improving Energy Alternatives for Healthcare
- Improving Energy for Connectivity
- Improving Lighting for Business
- Improving Lighting for Homes
- Mitigating Climate Change through Clean Electricity and Heat Production - Reducing Harmful Emissions from Small-Scale Energy Sources

Energy—Energy Efficiency:

- Improving Sustainability of Industrial and Municipal Water Practices
- Mitigating Climate Change through Clean Electricity and Heat Production
- Mitigating Climate Change through Clean Mobility
- Mitigating Climate Change through Sustainable Manufacturing

Energy—Other (describe)

Financial Services—Financial Inclusion:

- Improving Access to and Use of Responsible Financial Services for Historically Underserved Populations
- Improving Access to WASH Through Affordable Household Financing
- Improving Earnings and Wealth Through Employment and Entrepreneurship (Particularly for Disadvantaged and Excluded Groups)
- Improving Financial Health
- Improving Rural Economies through Financial Inclusion
- Increasing Access to and Use of Products and Services for Agricultural Risk Mitigation
- Increasing Access to Non-Sewered Sanitation Services
- Increasing Access to Sewered Sanitation Services
- Increasing Farm Profitability
- Increasing Financial Health of Farmers
- Increasing Gender Equality through Financial Inclusion
- Supporting Decent Jobs and Fostering Economic Development

Financial Services—Other (describe)

Health—Access to Quality Health Care:

- Improving Data for Health Systems Policy and Decision-Making
- Improving Early Childhood Care and Education
- Improving Energy Alternatives for Healthcare
- Improving Health and Well-Being Across the Workforce
- Improving WASH through Water Infrastructure and Management
- Increasing Access to Essential Medicines, Medical Supplies, and Devices
- Increasing Access to Medical Diagnostics
- Increasing Consistent Supply of Essential Services and Products
- Reducing Financial Barriers to Health Services

Health—Nutrition

Health—Other (describe)

Infrastructure—Resilient Infrastructure:

- Reducing Flood Risk and Stormwater Impacts through Green Infrastructure

Infrastructure—Other (describe)

Land—Natural Resources Conservation:

- Improving Agricultural Water Use Practices
- Improving Water Quality Through Source Water Protection

Land—Sustainable Forestry:

- Increasing the Sustainability of Local Economies and Communities through Forestry and Land Use
- Increasing the Sustainability of Non-Wood Forest Products
- Increasing the Sustainability of Wood and Wood-Based Products
- Mitigating Carbon Emissions from Forestry and Land Use

Land—Sustainable Land Management:

- Improving Sustainability of Industrial and Municipal Water Practices

Land—Other (describe)

Oceans & Coastal Zones—Marine Resource Conservation and Management:

- Improving Water Quality Through Source Water Protection

Oceans & Coastal Zones—Other (describe)

Pollution—Pollution Prevention:

- Improving Sustainability of Industrial and Municipal Water Practices
- Mitigating Carbon Emissions from Forestry and Land Use
- Reducing Harmful Emissions from Small-Scale Energy Sources

Pollution—Other (describe)

Real Estate—Affordable Quality Housing:

- Improving Housing Quality
- Increasing Residential Stability
- Increasing Housing Affordability
- Increasing Access to Supportive Services through Housing

Real Estate—Green Buildings

Real Estate—Other (describe)

Waste—Waste Management:

- Improving Sustainability of Industrial and Municipal Water Practices

Waste—Other (describe)

Water—Sustainable Water Management:

- Conserving River Flows for Nature and People
- Improving Access to WASH Through Affordable Household Financing
- Improving Agricultural Water Use Practices
- Improving Sustainability of Industrial and Municipal Water Practices
- Improving WASH through Water Infrastructure and Management
- Improving Water Quality Through Source Water Protection
- Increasing Access to Non-Sewered Sanitation Services
- Increasing Access to Sewered Sanitation Services
- Reducing Flood Risk and Stormwater Impacts Through Green Infrastructure

Water—Water, Sanitation, and Hygiene (WASH):

- Conserving River Flows for Nature and People
- Improving Access to WASH in Schools and Healthcare Centers
- Improving Access to WASH Through Affordable Household Financing
- Improving Sustainability of Industrial and Municipal Water Practices
- Improving WASH through Water Infrastructure and Management
- Increasing Access to Non-Sewered Sanitation Services
- Increasing Access to Sewered Sanitation Services

Water—Other (describe)"
"https://codelist.commonapproach.org/IrisMetric53#OD6306","OD6306","Operational Model","Describes the operational model of the organization. Select all that apply:

- Production/Manufacturing: Production and/or manufacturing of goods (e.g., farming, construction, manufacturing)
- Processing/Packaging: Processing and/or packaging of goods (can include both raw materials, such as wheat, and secondary materials/goods, such as baked bread)
- Distribution: Delivery of goods or services to target customers, whether by traditional transport (e.g., vehicle, rail, air) or infrastructure (e.g., electric grid operator)
- Wholesale/Retail: Intermediary organization that purchases goods and sells them to new target customers
- Services: Services such as education, health, communications, transportation, and social services, excluding financial services
- Financial Services: Financial products and services
- Other (write-in)"
"https://codelist.commonapproach.org/IrisMetric53#OD6350","OD6350","Theory of Change","Describes the theory of change of the organization."
"https://codelist.commonapproach.org/IrisMetric53#OD6737","OD6737","Stormwater Runoff","Volume of water generated from rain and snowmelt flowing over (that is, without soaking into the ground) land indirectly or directly controlled by the organization during the reporting period."
"https://codelist.commonapproach.org/IrisMetric53#OD6855","OD6855","Location of Organization's Headquarters","Address of the organization's legally incorporated headquarters."
"https://codelist.commonapproach.org/IrisMetric53#OD6951","OD6951","Report Start Date","Start date of the reporting period for which the organization is providing data."
"https://codelist.commonapproach.org/IrisMetric53#OD7111","OD7111","Report End Date","End date of the reporting period for which the organization is providing data."
"https://codelist.commonapproach.org/IrisMetric53#OD7212","OD7212","Target Stakeholders","Describes which entities the organization seeks to benefit through its products, services, and operations as of the end of the reporting period.

Choose all that apply:
- Planet
- Suppliers
- Employees
- Distributors
- Clients (for example, students, patients, residents, or smallholders)
- Microenterprises
- Small and medium-sized enterprises (SMEs)
- Other"
"https://codelist.commonapproach.org/IrisMetric53#OD7536","OD7536","Water Type","Describes the type of water withdrawn, consumed, or discharged as a result of investments made by the organization during the reporting period.

Choose all that apply:
- Rainwater
- Recycled Water
- Groundwater
- Surface Water
- Seawater
- Third Party: Municipal
- Third Party: Wastewater
- Other (describe)"
"https://codelist.commonapproach.org/IrisMetric53#OD7796","OD7796","Organization Web Address","Web address (URL) of the organization."
"https://codelist.commonapproach.org/IrisMetric53#OD7900","OD7900","Relationship to Target Stakeholders","Describes the relationship between the organization and its target stakeholders."
"https://codelist.commonapproach.org/IrisMetric53#OD8350","OD8350","Client Model","Describes the client model of the organization. Select all that apply:

- Business-to-Business (B2B)
- Business-to-Consumer (B2C)
- Business-to-Government (B2G)
- Peer-to-Peer (P2P)"
"https://codelist.commonapproach.org/IrisMetric53#OD9109","OD9109","Type of Financial Institution","Describes what type of financial institution the organization is, if applicable. Select all that apply:

- Community Action Agency (CAA)
- Community Development Financial Institution (CDFI)
- Credit Union/Cooperative
- Loan Fund, including microenterprise fund or Multibank Community Development Corporation (CDC)
- Non-Banking Financial Institution/Non-Banking Financial Corporation (NBFI/NBFC)
- Non-Profit/Non-Governmental Organization, including Community Development Corporation (CDCs)
- Rural Bank
- Thrift, Bank, Bank Holding Company
- Venture Capital Fund
- Other"
"https://codelist.commonapproach.org/IrisMetric53#OI0112","OI0112","Employees Receiving Regular Performance and Career Development Reviews","Number of permanent and temporary workers who received a routine and regular performance and career development review during the reporting period."
"https://codelist.commonapproach.org/IrisMetric53#OI0263","OI0263","Water Withdrawn","Volume of all water drawn from surface water, groundwater, seawater, or a third party for any use by the organization during the reporting period."
"https://codelist.commonapproach.org/IrisMetric53#OI0386","OI0386","Water Discharged","Volume of effluents, used water, and unused water released, during the reporting period, to surface water, groundwater, seawater, or a third party and for which the organization has no further use."
"https://codelist.commonapproach.org/IrisMetric53#OI0659","OI0659","Average Daily Traffic","Average number of vehicles per day using an urban road over the course of a year."
"https://codelist.commonapproach.org/IrisMetric53#OI0667","OI0667","Leadership Demographics","Describes the demographic groups in leadership of the organization, or disaggregates another metric in terms of one or more demographic groups in leadership. Partic
ular thresholds apply to consider an organization \"led\" by members of a demographic group; see usage guidance for further information. Select all that apply:

Gender:
- 30% of Greater Female or Gender Non-Binary
- Undisclosed
- Other

Disability Status:
- Persons with disabilities
- Persons without disabilities
- Undisclosed
- Other

Race/Ethnicity/Minority Status:
- Historically marginalized groups
- Dominant culture populations
- Undisclosed
- Other

Other target populations:
- Other (describe)"
"https://codelist.commonapproach.org/IrisMetric53#OI0685","OI0685","Market Linkages Improved or Expanded","Describes whether the organization improved existing market linkages or engaged new or additional forward or backward market linkages, including through its own integration, during the reporting period."
"https://codelist.commonapproach.org/IrisMetric53#OI0933","OI0933","Founder Demographics","Describes the demographic groups among founders of the organization, or disaggregates another metric in terms of one or more founder demographic groups. Particular thresholds apply to consider an organization \"founded\" by members of a demographic group; see usage guidance for further information. Select all that apply:

Gender:
- 50% or More Female or Gender Non-Binary
- Undisclosed
- Other

Disability Status:
- Persons with disabilities
- Persons without disabilities
- Undisclosed
- Other

Race/Ethnicity/Minority Status:
- 50% or More from Historically Marginalized Groups
- Undisclosed
- Other

Other target populations:
- Other (describe)"
"https://codelist.commonapproach.org/IrisMetric53#OI1010","OI1010","Vehicle/Container Inactive Hours","Average number of hours spent inactive or waiting (inclusive of turnaround and dwell time) by a vehicle or container during the reporting period."
"https://codelist.commonapproach.org/IrisMetric53#OI1042","OI1042","Number of Employee Grievances Registered","Number of formal grievances registered by employees of the organization during the reporting period."
"https://codelist.commonapproach.org/IrisMetric53#OI1047","OI1047","Soil Health Practices","Indicates which sustainable agriculture best practices the organization implemented to maintain and enhance soil health of agricultural lands during the reporting period.

Select all that apply:

- Application of regionally appropriate soil health improvement practices to maintain or enhance soil fertility and the physical and biological characteristics of soil
- Monitoring of those soil health characteristics, including nutrients from different sources, that are necessary to maintain or enhance appropriate nutrient balance and soil health
- Development and maintenance of an up-to-date nutrient management program that efficiently uses nutrient inputs and nutrients in the soil and crops to create optimum conditions for production and avoids nutrient loss to water and air
- Other (describe)
- Undisclosed"
"https://codelist.commonapproach.org/IrisMetric53#OI1054","OI1054","Wastewater Removed","Volume of wastewater safely removed from client premises by the organization during the reporting period."
"https://codelist.commonapproach.org/IrisMetric53#OI1075","OI1075","Board of Directors: Total","Number of members of the organization's board of directors or other governing body as of the end of the reporting period."
"https://codelist.commonapproach.org/IrisMetric53#OI1084","OI1084","Permanent Employee Wages: Historically Marginalized","Value of wages (including bonuses and excluding benefits) paid to all full- and part-time employees of the organization during the reporting period who belong to groups historically marginalized on the basis of race and/or ethnicity."
"https://codelist.commonapproach.org/IrisMetric53#OI1120","OI1120","Operational Certifications","Describes the third-party, business process- and practice-related certifications that the organization holds as of the end of the reporting period. See usage guidance for further information."
"https://codelist.commonapproach.org/IrisMetric53#OI1150","OI1150","Fair Hiring/Recruiting Policy","Indicates whether the organization has a written employment policy to recruit employees fairly and equally and a system to monitor compliance with this policy."
"https://codelist.commonapproach.org/IrisMetric53#OI1166","OI1166","Volunteer Hours","Number of hours worked by non-employee volunteers who supported the organization during the reporting period."
"https://codelist.commonapproach.org/IrisMetric53#OI1254","OI1254","Environmental Management System","Indicates whether the organization has an environmental management system in place."
"https://codelist.commonapproach.org/IrisMetric53#OI1346","OI1346","Waste Produced: Hazardous Waste","Amount of hazardous waste created by the organization's operations during the reporting period."
"https://codelist.commonapproach.org/IrisMetric53#OI1479","OI1479","Greenhouse Gas Emissions: Total","Amount of greenhouse gases (GHG) emitted as a result of the organization's operations during the reporting period."
"https://codelist.commonapproach.org/IrisMetric53#OI1495","OI1495","Energy Generated for Use: Non-Renewable","Amount of energy both generated and consumed by the organization from non-renewable sources during the reporting period."
"https://codelist.commonapproach.org/IrisMetric53#OI1496","OI1496","Energy Purchased: Non-Renewable","Amount of purchased energy consumed by the organization from non-renewable sources during the reporting period."
"https://codelist.commonapproach.org/IrisMetric53#OI1503","OI1503","Healthcare Benefits Premium Covered","Percentage of a full-time employee's healthcare premium that is covered by the organization or third parties, based on benefits available to full-time employees as of the end of the reporting period."
"https://codelist.commonapproach.org/IrisMetric53#OI1508","OI1508","Full-time Wages: Historically Marginalized","Value of wages (including bonuses and excluding benefits) paid to all full-time employees of the organization during the reporting period who belong to groups historically marginalized on the basis of race and/or ethnicity."
"https://codelist.commonapproach.org/IrisMetric53#OI1571","OI1571","Full-time Employees: Female Managers","Number of paid, full-time, female management employees (managers) at the organization as of the end of the reporting period."
"https://codelist.commonapproach.org/IrisMetric53#OI1582","OI1582","Wage Equity","Ratio of the wages paid during the reporting period to the highest-compensated full-time employee (including bonus and excluding benefits) compared to the lowest-paid full-time employee."
"https://codelist.commonapproach.org/IrisMetric53#OI1618","OI1618","Threatened Species Policy","Indicates whether the organization implements policies to protect threatened species that reside in habitats affected by the organization's operations."
"https://codelist.commonapproach.org/IrisMetric53#OI1619","OI1619","Value of Community Development Contributions","Value of payments made by the organization during the reporting period towards activities that benefit local communities."
"https://codelist.commonapproach.org/IrisMetric53#OI1638","OI1638","Employee Voluntary Turnover Rate","Ratio of the number of permanent (full- and part-time) employees who departed voluntarily compared to the average number of permanent (full- and part-time) employees at the organization during the reporting period."
"https://codelist.commonapproach.org/IrisMetric53#OI1674","OI1674","Land Directly Controlled: Cultivated","Area of land directly controlled by the organization and under cultivation. Report directly controlled land area cultivated during the reporting period."
"https://codelist.commonapproach.org/IrisMetric53#OI1682","OI1682","Permanent Employee Wages: People with Disabilities","Value of wages (including bonuses, excluding benefits) paid to all full- and part-time employees of the organization with disabilities during the reporting period."
"https://codelist.commonapproach.org/IrisMetric53#OI1697","OI1697","Water Consumed: Total","Volume of water used for the organization's operations during the reporting period."
"https://codelist.commonapproach.org/IrisMetric53#OI1804","OI1804","Records System","Describes the system used by a facility or service for record keeping, including whether it is paper-based or electronic, as of the end of the reporting period."
"https://codelist.commonapproach.org/IrisMetric53#OI1855","OI1855","Gender Wage Equity","Ratio of the average wage paid during the reporting period to female employees of the organization for a specified position compared to the average wage paid during the reporting period to male employees of the organization for the same position."
"https://codelist.commonapproach.org/IrisMetric53#OI1903","OI1903","Part-time Employees: Hired","Number of paid, part-time employees hired by the organization during the reporting period."
"https://codelist.commonapproach.org/IrisMetric53#OI1927","OI1927","Water Consumed: Recycled","Volume of recycled water used for the organization's operations during the reporting period."
"https://codelist.commonapproach.org/IrisMetric53#OI1984","OI1984","Social and Environmental Board Committee","Indicates whether the organization has a formal board of directors or governing body committee dedicated to social and environmental performance."
"https://codelist.commonapproach.org/IrisMetric53#OI2003","OI2003","Full-time Employees: People with Disabilities","Number of paid, full-time employees at the organization with disabilities as of the end of the reporting period."
"https://codelist.commonapproach.org/IrisMetric53#OI2092","OI2092","Climate Resilience Strategy","Indicates whether the organization implements a strategy to address the effects of climate change on the organization's operations."
"https://codelist.commonapproach.org/IrisMetric53#OI2165","OI2165","Number of Legal and Regulatory Complaints","Number of formal legal and regulatory complaints received by the organization during the last reporting period."
"https://codelist.commonapproach.org/IrisMetric53#OI2209","OI2209","Founders: Total","Number of the organization's founders who retain an active role in the company as of the end of the reporting period."
"https://codelist.commonapproach.org/IrisMetric53#OI2248","OI2248","Average Employee Tenure","Average tenure of employees of the organization as of the end of the reporting period."
"https://codelist.commonapproach.org/IrisMetric53#OI2319","OI2319","Community Engagement Strategy","Indicates whether the organization implements a strategy to manage its interactions with local communities that are affected by its operations."
"https://codelist.commonapproach.org/IrisMetric53#OI2330","OI2330","Governance Policies","Indicates whether the organization has written corporate governance policies that have been communicated to stakeholders."
"https://codelist.commonapproach.org/IrisMetric53#OI2362","OI2362","Historically Marginalized Wage Equity","Ratio of the average wage paid for a specified position to employees of the organization who belong to groups historically marginalized on the basis of race and/or ethnicity compared to the average wage paid to employees of the organization who do not belong to these groups but have the same position during the reporting period."
"https://codelist.commonapproach.org/IrisMetric53#OI2436","OI2436","Value of Carbon Credits Purchased","Value of carbon credits purchased by the organization during the reporting period."
"https://codelist.commonapproach.org/IrisMetric53#OI2444","OI2444","Permanent Employees: Female","Number of women in paid employment with the organization as of the end of the reporting period, whether they are full-time or part-time."
"https://codelist.commonapproach.org/IrisMetric53#OI2496","OI2496","Energy Generated for Use: Renewable","Amount of energy both generated and consumed by the organization from renewable sources during the reporting period."
"https://codelist.commonapproach.org/IrisMetric53#OI2535","OI2535","Waste Disposed: Recycled/Reused","Amount of waste disposed by the organization through reuse and recycling during the reporting period."
"https://codelist.commonapproach.org/IrisMetric53#OI2569","OI2569","Land Directly Controlled: Treated with Pesticides","Area of land directly controlled by the organization and treated with pesticides. Report directly controlled land area treated during the reporting period."
"https://codelist.commonapproach.org/IrisMetric53#OI2596","OI2596","Conflict of Interest Policy","Indicates whether the organization has a written policy to monitor and disclose any potential conflicts of interest between the organization and its board members, owners, or material investors."
"https://codelist.commonapproach.org/IrisMetric53#OI2622","OI2622","Forest Management Plan","Indicates whether the organization implements a forest management plan."
"https://codelist.commonapproach.org/IrisMetric53#OI2742","OI2742","Employment Benefits","Describes the benefits that are provided to full-time employees of the organization during the reporting period. Select all that apply:

- Health insurance
- Dental insurance
- Unemployment insurance
- Disability coverage/insurance
- Life insurance
- Paid time off: Maternity/birth parent leave
- Paid time off: Paternity/supporting parent leave
- Paid time off: Vacation/holiday
- Paid time off: Sick leave
- Flexible work arrangements
- Childcare support (on-site, vouchers, or reimbursement)
- Transportation support (provided by company, vouchers, or reimbursement)
- Retirement provisions
- Stock ownership
- Profit-sharing
- Other (please describe)"
"https://codelist.commonapproach.org/IrisMetric53#OI2767","OI2767","Protected Area Connectedness Assessment","Describes whether the organization has evaluated the continuity of natural habitats in protected areas as of the end of the reporting period."
"https://codelist.commonapproach.org/IrisMetric53#OI2799","OI2799","Level of Water Stress","Level of baseline water stress on land directly or indirectly managed by the organization as of the end of the reporting period.

Choose all that apply:
- Low (<10%)
- Low-medium (10–19.9%)
- Medium-high (20–39.9%)
- High (40–80%)
- Extremely high (>80%)
- Arid and low water use
- No data"
"https://codelist.commonapproach.org/IrisMetric53#OI2818","OI2818","Loan Officers Employed","Number of loan officers employed by the organization as of the end of the reporting period."
"https://codelist.commonapproach.org/IrisMetric53#OI2840","OI2840","Percent Female/Gender Non-Binary Ownership","Percentage of the organization that is owned by female or non-binary individuals as of the end of the reporting period."
"https://codelist.commonapproach.org/IrisMetric53#OI3031","OI3031","Water Consumed: Municipal","Volume of water drawn from municipal water sources used for the organization's operations during the reporting period."
"https://codelist.commonapproach.org/IrisMetric53#OI3098","OI3098","Part-time Employee Hours Worked","Number of paid hours worked by part-time employees of the organization during the reporting period."
"https://codelist.commonapproach.org/IrisMetric53#OI3115","OI3115","Caregivers Employed: Responsive","Number of caregivers who are responsive to children's needs and who are employed by the organization as of the end of the reporting period."
"https://codelist.commonapproach.org/IrisMetric53#OI3140","OI3140","Full-time Employees: Historically Marginalized Managers","Number of paid, full-time management employees (managers) at the organization who belong to groups historically marginalized on the basis of race and/or ethnicity as of the end of the reporting period."
"https://codelist.commonapproach.org/IrisMetric53#OI3141","OI3141","New Firms Entered","Describes whether additional private sector firms entered the market in which the organization operates during the reporting period."
"https://codelist.commonapproach.org/IrisMetric53#OI3160","OI3160","Full-time Employees: Total","Number of paid full-time employees at the organization as of the end of the reporting period."
"https://codelist.commonapproach.org/IrisMetric53#OI3236","OI3236","Permanent Employees: Historically Marginalized","Number of people in paid employment with the organization who belong to groups historically marginalized on the basis of race and/or ethnicity as of the end of the reporting period, whether they are full-time or part-time."
"https://codelist.commonapproach.org/IrisMetric53#OI3324","OI3324","Energy Purchased: Renewable","Amount of purchased energy consumed by the organization from renewable sources during the reporting period."
"https://codelist.commonapproach.org/IrisMetric53#OI3368","OI3368","Employee Training and Transition Programs Offered","Describes the type and scope of programs implemented and assistance provided during the reporting period to upgrade employee skills."
"https://codelist.commonapproach.org/IrisMetric53#OI3441","OI3441","New Market Entered","Describes whether the organization entered a new market during the reporting period."
"https://codelist.commonapproach.org/IrisMetric53#OI3480","OI3480","Median Non-Salaried Wage","Median wage paid to non-salaried and full-time, part-time, or temporary employees of the organization during the reporting period. Employees who are salaried should be excluded from this calculation."
"https://codelist.commonapproach.org/IrisMetric53#OI3547","OI3547","Permanent Employees: Hired","Number of people hired by the organization during the reporting period, whether they are full-time or part-time."
"https://codelist.commonapproach.org/IrisMetric53#OI3601","OI3601","Employee Feedback and Grievance System","Indicates whether the organization has in place a grievance mechanism to receive formal employee complaints and provide remedies, as well as an established procedure and/or committee to receive and handle employee feedback."
"https://codelist.commonapproach.org/IrisMetric53#OI3630","OI3630","Meeting Frequency of Board of Directors","Number of times the organization's board of directors or governing body met during the reporting period."
"https://codelist.commonapproach.org/IrisMetric53#OI3637","OI3637","Water Consumed: Regions with High Water Stress","Volume of water used from regions with high or extremely high baseline water stress during the reporting period."
"https://codelist.commonapproach.org/IrisMetric53#OI3653","OI3653","Departed Permanent Employees: Full-time","Number of full-time employees who departed the organization (for any reason) during the reporting period."
"https://codelist.commonapproach.org/IrisMetric53#OI3703","OI3703","Employees Covered by Collective Bargaining Agreements","Number of employees (including both permanent and temporary workers) who are covered by collective bargaining agreements as of the end of the reporting period."
"https://codelist.commonapproach.org/IrisMetric53#OI3757","OI3757","Occupational Injuries","Number of occupational injuries which affected any full-time, part-time, and temporary employees of the organization during the reporting period."
"https://codelist.commonapproach.org/IrisMetric53#OI3781","OI3781","Primary Energy Source","Describes the primary source(s) for energy produced, sold, or purchased by the organization during the reporting period, or disaggregates another metric in terms of the primary source of the related amount of energy.

Select all that apply:

Non-renewable sources:
- Coal
- Crude oil derivatives
- Natural gas
- Other (write-in)

Renewable sources:
- Biomass
- Geothermal
- Hydro energy
- Nuclear
- Solar
- Wind
- Other (write-in)

Other (write-in)"
"https://codelist.commonapproach.org/IrisMetric53#OI3798","OI3798","Stream Nutrient Levels Assessment","Indicates whether the organization has assessed nitrogen and phosphorus levels in streams on directly or indirectly controlled land as of the end of the reporting period."
"https://codelist.commonapproach.org/IrisMetric53#OI3819","OI3819","Fair Compensation Policy","Indicates whether the organization has a written policy regarding fair and equitable compensation for employees and a system to monitor compliance with this policy."
"https://codelist.commonapproach.org/IrisMetric53#OI3846","OI3846","Critical Marine Habitats","Indicates whether the marine and coastal spaces directly controlled, indirectly controlled, or used (such as for transport) by the organization include important marine habitats for species."
"https://codelist.commonapproach.org/IrisMetric53#OI3862","OI3862","Full-time Wages: Historically Marginalized Management","Value of wages (including bonuses and excluding benefits) paid to all full-time management employees (managers) of the organization during the reporting period who belong to groups historically marginalized on the basis of race and/or ethnicity."
"https://codelist.commonapproach.org/IrisMetric53#OI3943","OI3943","Social and Environmental Performance Staff Training","Indicates whether any of the organization's employees participated in training sessions related to any aspect of managing environmental or social performance during the reporting period."
"https://codelist.commonapproach.org/IrisMetric53#OI3979","OI3979","Stream Turbidity Level","Level of turbidity (in Nephelometric Turbidity Units, or NTU) observed in streams or rivers on land directly or indirectly managed by the organization as of the end of the reporting period."
"https://codelist.commonapproach.org/IrisMetric53#OI3989","OI3989","Employee Involuntary Turnover Rate","Ratio of the number of involuntarily departing permanent (full- and part-time) employees compared to the average number of permanent (full- and part-time) employees at the organization during the reporting period."
"https://codelist.commonapproach.org/IrisMetric53#OI4015","OI4015","Water Conserved","Volume of water usage reduced as a result of the organization's water conservation efforts during the reporting period."
"https://codelist.commonapproach.org/IrisMetric53#OI4038","OI4038","Permanent Employees: People with Disabilities","Number of people with disabilities in paid employment with the organization as of the end of the reporting period, whether they are full-time or part-time."
"https://codelist.commonapproach.org/IrisMetric53#OI4061","OI4061","Healthcare Benefits Participants","Number of employees who received healthcare benefits through the organization’s programs during the reporting period."
"https://codelist.commonapproach.org/IrisMetric53#OI4070","OI4070","Board of Directors: Independent","Number of independent members of the organization's board of directors or governing body as of the end of the reporting period."
"https://codelist.commonapproach.org/IrisMetric53#OI4112","OI4112","Greenhouse Gas Emissions: Direct (Scope 1)","Amount of greenhouse gases (GHG) emitted from direct emissions sources as a result of the organization's operations during the reporting period."
"https://codelist.commonapproach.org/IrisMetric53#OI4136","OI4136","Social and Environmental Performance Management Training","Indicates whether any member of the organization's board of directors participated in training sessions related to any aspect of managing environmental or social performance during the reporting period."
"https://codelist.commonapproach.org/IrisMetric53#OI4194","OI4194","Traceability System","Indicates whether the organization implements a traceability system for its raw materials."
"https://codelist.commonapproach.org/IrisMetric53#OI4202","OI4202","Temporary Employee Wages","Value of wages (including bonuses and excluding benefits) paid to all temporary employees of the organization during the reporting period."
"https://codelist.commonapproach.org/IrisMetric53#OI4211","OI4211","Market Share Increased","Describes whether the organization expanded operations and increased market share during the reporting period in a concentrated market in which the organization was not a dominant player."
"https://codelist.commonapproach.org/IrisMetric53#OI4221","OI4221","Ownership Demographics","Describes the demographics of the ownership of the organization, or disaggregates another metric in terms of one or more demographic groups of ownership. Particular thresholds apply to consider an organization \"owned\" by members of a demographic group; see usage guidance for further information. Select all that apply:

Gender:
- 51% or Greater Female or Gender Non-Binary
- Undisclosed
- Other

Disability Status:
- Persons with disabilities
- Persons without disabilities
- Undisclosed
- Other

Race/Ethnicity/Minority Status:
- Historically marginalized groups
- Dominant culture populations
- Undisclosed

Other target populations:
- Other (describe)"
"https://codelist.commonapproach.org/IrisMetric53#OI4229","OI4229","Employees Trained","Number of employees (full-time, part-time, or temporary) who were trained through programs provided by the organization (both internally and externally) during the reporting period."
"https://codelist.commonapproach.org/IrisMetric53#OI4324","OI4324","Community Service Policy","Indicates whether the organization implements a community service policy."
"https://codelist.commonapproach.org/IrisMetric53#OI4328","OI4328","Recycled Materials","Amount of recycled material used in the organization's products (including packaging) during the reporting period."
"https://codelist.commonapproach.org/IrisMetric53#OI4364","OI4364","Worker Freedom of Association Policy","Indicates whether the organization has a written policy to monitor, evaluate, and ensure its workers' freedom of association."
"https://codelist.commonapproach.org/IrisMetric53#OI4432","OI4432","Forced Labor Policy: Child Labor","Indicates whether the organization has a written policy against child labor and a system to monitor compliance with this policy."
"https://codelist.commonapproach.org/IrisMetric53#OI4467","OI4467","Water Consumed: Groundwater","Volume of groundwater used for the organization's operations during the reporting period."
"https://codelist.commonapproach.org/IrisMetric53#OI4483","OI4483","Waste Disposed: Landfill","Amount of waste disposed by the organization in landfills during the reporting period."
"https://codelist.commonapproach.org/IrisMetric53#OI4499","OI4499","Departed Permanent Employees: Total","Number of full- and part-time employees who departed the organization (for any reason) during the reporting period."
"https://codelist.commonapproach.org/IrisMetric53#OI4531","OI4531","Energy Conservation Strategy","Indicates whether the organization implements an energy conservation strategy to reduce its operational energy usage."
"https://codelist.commonapproach.org/IrisMetric53#OI4559","OI4559","Permanent Employee Wages: Female","Value of wages (including bonuses and excluding benefits) paid to all female full- and part-time employees of the organization during the reporting period."
"https://codelist.commonapproach.org/IrisMetric53#OI4564","OI4564","Units/Volume Replaced","Number of status-quo products that were replaced by products sold during the reporting period."
"https://codelist.commonapproach.org/IrisMetric53#OI4571","OI4571","Part-time Employees: Employees with Disabilities","Number of paid, part-time employees with disabilities at the organization as of the end of the reporting period."
"https://codelist.commonapproach.org/IrisMetric53#OI4718","OI4718","Business Innovation","Describes whether the organization adopted or operationalized a product, internal process, technology, or financing structure that was new or not widely used in the operating geography and sector during the reporting period.

In order to contextualize the innovation, specify whether it was previously available in the operating geography and sector, by Impact Category:

Financial Services:
- Yes, by non-predatory informal alternatives such as family, friends, and community savings groups
- Yes, by predatory informal alternatives such as loan sharks
- Yes, there are a few other formal alternatives, but the market is young and not saturated
- Yes, it is a mature market with several other formal alternatives, but the market is not saturated
- Yes, there are several other formal alternatives and the market presents high saturation risk
- None, our investee is the sole provider

Clean Energy:
- Yes, there are several other clean, on-grid alternatives and the market presents high saturation risk
- Yes, it is a mature market with several alternatives (both clean and dirty; on- and off-grid), but the market is not saturated
- Yes, there are a few other clean energy alternatives, but the market is young and not saturated
- Yes, by informal alternatives which tend to be non-renewable and off-grid
- None, our investee is the sole provider


Other:
- Other (write-in)"
"https://codelist.commonapproach.org/IrisMetric53#OI4724","OI4724","Employees Earning a Living Wage or Higher","Number of full-time, part-time, and temporary employees of the organization who are earning a local living wage or higher as of the end of the reporting period."
"https://codelist.commonapproach.org/IrisMetric53#OI4732","OI4732","Social and Environmental Performance Reporting","Indicates whether the organization reports its social and environmental performance to relevant stakeholders."
"https://codelist.commonapproach.org/IrisMetric53#OI4739","OI4739","Supplier Screening Policy","Indicates whether the organization has a written policy of evaluating supplier organizations based on their social and environmental performance and a system to monitor compliance with this policy."
"https://codelist.commonapproach.org/IrisMetric53#OI4753","OI4753","Client Protection Policy","Indicates whether the organization has a written policy for client protection and a system to monitor compliance with this policy."
"https://codelist.commonapproach.org/IrisMetric53#OI4862","OI4862","Greenhouse Gas Emissions Reduced","Amount of greenhouse gas (GHG) emissions reduced by the organization during the reporting period."
"https://codelist.commonapproach.org/IrisMetric53#OI4884","OI4884","Fair Career Advancement Policy","Indicates whether the organization has a written policy to support the fair and equitable progression and promotion of employees and a system to monitor compliance with this policy."
"https://codelist.commonapproach.org/IrisMetric53#OI4919","OI4919","Caregivers Employed: Professionals","Number of caregiver professionals with current licenses or certifications, based on local requirements, employed by the organization as of the end of the reporting period."
"https://codelist.commonapproach.org/IrisMetric53#OI4953","OI4953","Social and Environmental Performance Incentives","Indicates whether the organization implemented any employee incentive schemes related to social and/or environmental performance goals during the reporting period."
"https://codelist.commonapproach.org/IrisMetric53#OI4972","OI4972","Working Hour Policy","Indicates whether the organization has policies in place to monitor, evaluate, and ensure appropriate working hours of employees, as well as a system to monitor compliance."
"https://codelist.commonapproach.org/IrisMetric53#OI5044","OI5044","Training Type","Describes the types of trainings completed by individuals as a result of the organization's activities during the reporting period.

Choose all that apply:
 - Enterprise or business development training
 - Vocational or technical training
 - Anti-harassment training
 - Racial equity training
 - General social and environmental performance training
 - Undisclosed"
"https://codelist.commonapproach.org/IrisMetric53#OI5049","OI5049","Client Feedback System","Indicates whether the organization implements a feedback system to solicit client feedback and has an established procedure and/or committee to receive and handle client feedback."
"https://codelist.commonapproach.org/IrisMetric53#OI5101","OI5101","Biodegradable Materials","Amount of biodegradable materials used in the organization’s products (including packaging) during the reporting period."
"https://codelist.commonapproach.org/IrisMetric53#OI5102","OI5102","Employee Policy Documentation","Describes the types of policy documentation that are provided to employees of the organization."
"https://codelist.commonapproach.org/IrisMetric53#OI5164","OI5164","Financial Statement Review","Indicates whether it is the organization's policy to produce financial statements that are verified annually by a certified independent auditor."
"https://codelist.commonapproach.org/IrisMetric53#OI5247","OI5247","Full-time Wages: Female Management","Value of wages (including bonuses and excluding benefits) paid to all full-time female management employees (managers) of the organization during the reporting period."
"https://codelist.commonapproach.org/IrisMetric53#OI5323","OI5323","Caregivers Employed: Total","Number of caregivers with current licenses, certifications, or trainings, based on local requirements, employed by the organization as of the end of the reporting period."
"https://codelist.commonapproach.org/IrisMetric53#OI5408","OI5408","Land Directly Controlled: Total","Area of land directly controlled by the organization during the reporting period."
"https://codelist.commonapproach.org/IrisMetric53#OI5479","OI5479","Full-time Employees: Hired","Number of paid, full-time employees hired by the organization during the reporting period."
"https://codelist.commonapproach.org/IrisMetric53#OI5490","OI5490","Bulk Cargo Handled","Volume of bulk cargo transported through a road, railway, port, or airport during the reporting period."
"https://codelist.commonapproach.org/IrisMetric53#OI5495","OI5495","Importance of Outcome to Stakeholders","Describes the value or importance of the outcome being sought by the intervention or investment from the perspective of those affected during the reporting period.
 
Choose all that apply:
- Very important
- Somewhat important
- Neutral
- Not important
- Do not know"
"https://codelist.commonapproach.org/IrisMetric53#OI5552","OI5552","Percent Charitable Donations","Percentage of the organization's revenue that was given as charitable donations during the reporting period."
"https://codelist.commonapproach.org/IrisMetric53#OI5657","OI5657","Total Personal Connectivity Devices","Average number of connectivity devices utilized in each client household during the reporting period."
"https://codelist.commonapproach.org/IrisMetric53#OI5660","OI5660","Percent Employee Ownership","Percentage of the organization that is owned by individuals who are employed by the organization (full- or part-time) as of the end of the reporting period."
"https://codelist.commonapproach.org/IrisMetric53#OI5732","OI5732","Greenhouse Gas Emissions Scopes","Describes the applicable types of greenhouse gases (GHG) emitted as a result of the organization's operations during the reporting period.

Choose all that apply:

- Scope 1/Direct Emissions (emissions from owned or controlled sources)
- Scope 2/Indirect Emissions (emissions from purchased energy)
- Scope 3/Indirect and direct emissions across the organization’s value chain"
"https://codelist.commonapproach.org/IrisMetric53#OI5803","OI5803","Loan Officer Wages","Value of wages (including bonuses) paid to loan officers during the reporting period."
"https://codelist.commonapproach.org/IrisMetric53#OI5858","OI5858","Employees Earning Minimum Wage","Number of full-time, part-time, and temporary employees of the organization that are earning the local minimum wage as of the end of the reporting period."
"https://codelist.commonapproach.org/IrisMetric53#OI5887","OI5887","Full-time Wages: Total","Value of wages (including bonuses and excluding benefits) paid to all full-time employees of the organization during the reporting period."
"https://codelist.commonapproach.org/IrisMetric53#OI5896","OI5896","Teachers Employed","Number of full- and part-time teachers employed by the organization as of the end of the reporting period."
"https://codelist.commonapproach.org/IrisMetric53#OI5929","OI5929","Biodiversity Assessment","Indicates whether the organization has undertaken biodiversity-related assessments to evaluate the biological diversity and ecosystem condition present on the land that is directly or indirectly controlled by the organization."
"https://codelist.commonapproach.org/IrisMetric53#OI5942","OI5942","Toxic Materials","Amount of toxic materials used in the organization's manufacturing processes during the reporting period."
"https://codelist.commonapproach.org/IrisMetric53#OI5951","OI5951","Greenhouse Gas Emissions Mitigated","Amount of greenhouse gas (GHG) emissions mitigated by the organization during the reporting period, including GHG emissions reductions from both direct and indirect sources."
"https://codelist.commonapproach.org/IrisMetric53#OI6041","OI6041","Greenhouse Gas Types","Describes the type(s) of greenhouse gases produced or mitigated by the organization during the reporting period.

Choose all that apply:
- Carbon dioxide (CO2)
- Methane (CH4)
- Nitrous oxide (N2O)
- Hydrofluorocarbons (HFCs)
- Perfluorocarbons (PFCs)
- Sulfur hexafluoride (SF6)
- Carbon dioxide (CO2) directly emitted from biologically sequestered carbon
- Undisclosed"
"https://codelist.commonapproach.org/IrisMetric53#OI6069","OI6069","Full-time Wages: Management","Value of wages (including bonuses and excluding benefits) paid to all full-time management employees (managers) of the organization during the reporting period."
"https://codelist.commonapproach.org/IrisMetric53#OI6176","OI6176","Minimum Wage Multiple","Ratio of the average wage of non-salaried, permanent (full- and part-time) employees of the organization during the reporting period compared to the local minimum wage as of the end of the reporting period."
"https://codelist.commonapproach.org/IrisMetric53#OI6192","OI6192","Waste Disposed: Total","Amount of waste disposed by the organization during the reporting period."
"https://codelist.commonapproach.org/IrisMetric53#OI6209","OI6209","Product Lifecycle Management Practices","Indicates whether the organization has practices in place to manage products over their life beyond the point of sale."
"https://codelist.commonapproach.org/IrisMetric53#OI6213","OI6213","Full-time Employees: Female","Number of paid, full-time, female employees at the organization as of the end of the reporting period."
"https://codelist.commonapproach.org/IrisMetric53#OI6286","OI6286","Recycling Policy","Indicates whether the organization implements a recycling policy in its operating facilities."
"https://codelist.commonapproach.org/IrisMetric53#OI6370","OI6370","Employees Dedicated to Social and Environmental Performance","Number of full-time equivalent employees dedicated to managing social and environmental performance during the reporting period."
"https://codelist.commonapproach.org/IrisMetric53#OI6381","OI6381","Soil Conservation Practices","Indicates which soil conservation practices the organization implemented during the reporting period.

Select all that apply:

- Application of regionally appropriate practices to minimize disturbance of and physical damage to soil, cropland, and pasturelands
- Prevention of soil erosion, acidification, salinization, and accumulation of adverse compounds not otherwise specified
- Other (describe)"
"https://codelist.commonapproach.org/IrisMetric53#OI6482","OI6482","Indigenous Rights and Stewardship Practices","Describes the practices used by the organization to acknowledge and support the traditional knowledge, innovations, and practices of local Indigenous communities and enable their customary use of biological resources on land, freshwater, and marine areas managed directly and indirectly by the organization."
"https://codelist.commonapproach.org/IrisMetric53#OI6508","OI6508","Part-time Employees: Historically Marginalized","Number of paid, part-time employees at the organization who belong to groups historically marginalized on the basis of race and/or ethnicity as of the end of the reporting period."
"https://codelist.commonapproach.org/IrisMetric53#OI6525","OI6525","Occupational Fatalities","Indicates the number of occupational fatalities of full-time, part-time, and temporary employees of the organization during the reporting period."
"https://codelist.commonapproach.org/IrisMetric53#OI6696","OI6696","Board of Directors: Historically Marginalized","Number of members of the board of directors or other governing body as of the end of the reporting period who belong to groups historically marginalized on the basis of race and/or ethnicity."
"https://codelist.commonapproach.org/IrisMetric53#OI6697","OI6697","Energy Conserved","Amount of reduction in energy consumption achieved as a direct result of energy conservation and efficiency initiatives undertaken by the organization during the reporting period."
"https://codelist.commonapproach.org/IrisMetric53#OI6709","OI6709","Waste Produced: Total","Amount of waste created by the organization's operations during the reporting period."
"https://codelist.commonapproach.org/IrisMetric53#OI6721","OI6721","Water Consumed: Rainwater","Volume of rainwater used for the organization's operations during the reporting period."
"https://codelist.commonapproach.org/IrisMetric53#OI6765","OI6765","Green Building Practices","Indicates whether the organization employs green building practices."
"https://codelist.commonapproach.org/IrisMetric53#OI6774","OI6774","Greenhouse Gas Emissions Avoided Due to Carbon Offsets Purchased","Amount of greenhouse gas (GHG) emissions avoided through carbon offsets purchased during the reporting period."
"https://codelist.commonapproach.org/IrisMetric53#OI6912","OI6912","Land Directly Controlled: Sustainably Managed","Area of land directly controlled by the organization and under sustainable cultivation or sustainable stewardship. Report directly controlled land area sustainably managed during the reporting period."
"https://codelist.commonapproach.org/IrisMetric53#OI6978","OI6978","Temporary Employees: Female","Number of female temporary employees paid by the organization during the reporting period."
"https://codelist.commonapproach.org/IrisMetric53#OI6995","OI6995","Employees Promoted: Total","Number of permanent employees who were promoted from within the organization during the reporting period."
"https://codelist.commonapproach.org/IrisMetric53#OI7060","OI7060","Occupational Illnesses","Number of occupational illnesses which affected any full-time, part-time, or temporary employees of the organization during the reporting period."
"https://codelist.commonapproach.org/IrisMetric53#OI7064","OI7064","Permanent Employee Wages: Low-Income Areas","Value of wages (including bonuses and excluding benefits) paid to all full- and part-time employees of the organization who reside in low-income areas during the reporting period."
"https://codelist.commonapproach.org/IrisMetric53#OI7065","OI7065","Number of Containers Handled","Number twenty-foot equivalent units (TEUs) of cargo containers transported by a road, railway, port, or airport during the reporting period."
"https://codelist.commonapproach.org/IrisMetric53#OI7194","OI7194","Percent Ownership by Historically Marginalized Groups","Percentage of the organization that is owned, as of the end of the reporting period, by individuals who belong to groups historically marginalized due to race and/or ethnicity."
"https://codelist.commonapproach.org/IrisMetric53#OI7225","OI7225","Departed Permanent Employees: Involuntary","Number of full- and part-time employees who departed the organization involuntarily during the reporting period."
"https://codelist.commonapproach.org/IrisMetric53#OI7365","OI7365","Water Quality Practices","Indicates whether the organization employs management practices to protect water quality."
"https://codelist.commonapproach.org/IrisMetric53#OI7390","OI7390","Employee Training Costs","Value of the costs incurred by the organization as a result of training provided to employees (full-time, part-time, or temporary) during the reporting period."
"https://codelist.commonapproach.org/IrisMetric53#OI7394","OI7394","Pesticide Hazard Classification Type","Describes the pesticide hazard classification for pesticides used by the organization, or disaggregates another metric in terms of pesticide hazard classification.
 Select all that apply:

- Class Ia Extremely hazardous
- Class Ib Highly hazardous
- Class II Moderately hazardous
- Class III Slightly hazardous
- Class U Unlikely to present acute hazard"
"https://codelist.commonapproach.org/IrisMetric53#OI7421","OI7421","Charitable Practices","Indicates whether the organization employs charitable practices in its operations."
"https://codelist.commonapproach.org/IrisMetric53#OI7442","OI7442","Waste Produced: Non-Hazardous Waste","Amount of non-hazardous waste created by the organization's operations during the reporting period."
"https://codelist.commonapproach.org/IrisMetric53#OI7560","OI7560","Land Directly Controlled: Impervious Surfaces","Area of land directly controlled by the organization that is impervious to water during the reporting period."
"https://codelist.commonapproach.org/IrisMetric53#OI7639","OI7639","Value of Fines and Settlements","Value of payments made by the organization as legal or regulatory fines and settlements during the reporting period."
"https://codelist.commonapproach.org/IrisMetric53#OI7783","OI7783","Social Responsibility Client Policies","Indicates whether the organization implements policies to protect its clients."
"https://codelist.commonapproach.org/IrisMetric53#OI7829","OI7829","Investment Committee Members: Total","Number of members of the organization's investment committee as of the end of the reporting period."
"https://codelist.commonapproach.org/IrisMetric53#OI7860","OI7860","Wastewater Treatment Compliance","Indicates whether the organization's practices related to the discharge of wastewater comply with local legal requirements."
"https://codelist.commonapproach.org/IrisMetric53#OI7876","OI7876","Marine Area Directly Controlled: Total","Area of marine environment directly controlled by the organization during the reporting period."
"https://codelist.commonapproach.org/IrisMetric53#OI7877","OI7877","Employee Training Hours","Number of training hours provided for employees (full-time, part-time, or temporary) during the reporting period."
"https://codelist.commonapproach.org/IrisMetric53#OI7914","OI7914","Stakeholder Engagement","Describes the mechanisms in place to gather input from stakeholders on product/service design, development, and delivery. Select all that apply:

- Identify community need(s), if any, in collaboration with target stakeholders
- Consult with target stakeholders about their needs when developing strategy
- Collect impact data from stakeholders via interviews and/or surveys
- Work with investees to reflect target stakeholders' perspectives in product/service offerings
- Monitor target stakeholder satisfaction
- None
- Other (describe)"
"https://codelist.commonapproach.org/IrisMetric53#OI7920","OI7920","Waste Reduced","Amount of waste reduced by the organization during the reporting period through programs for substitution, recycling, or recovery."
"https://codelist.commonapproach.org/IrisMetric53#OI7983","OI7983","Flexible Work Arrangements","Indicates whether the organization offers flexible work arrangements to full-time, part-time, or temporary employees of the organization."
"https://codelist.commonapproach.org/IrisMetric53#OI8001","OI8001","Worker Safety Policy","Indicates whether the organization has policies in place to monitor, evaluate, and ensure worker safety."
"https://codelist.commonapproach.org/IrisMetric53#OI8060","OI8060","Water Consumed: Surface Water","Volume of surface water used for the organization's operations during the reporting period."
"https://codelist.commonapproach.org/IrisMetric53#OI8113","OI8113","Market Research on Clients","Indicates whether the organization uses market research to identify the needs of clients and potential clients."
"https://codelist.commonapproach.org/IrisMetric53#OI8115","OI8115","Gross Written Premium","Amount of total insurance premium written or sold by the organization during the reporting period."
"https://codelist.commonapproach.org/IrisMetric53#OI8118","OI8118","Board of Directors: Female","Number of female members of the organization's board of directors or other governing body as of the end of the reporting period."
"https://codelist.commonapproach.org/IrisMetric53#OI8147","OI8147","Full-time Employees: Historically Marginalized","Number of paid, full-time employees at the organization who belong to groups historically marginalized on the basis of race and/or ethnicity as of the end of the reporting period."
"https://codelist.commonapproach.org/IrisMetric53#OI8197","OI8197","Founders: Female","Number of the organization’s founders who are female and retain an active role in the company as of the end of the reporting period."
"https://codelist.commonapproach.org/IrisMetric53#OI8237","OI8237","Greenhouse Gas Emissions Strategy","Indicates whether the organization implements a strategy to reduce greenhouse gas (GHG) emissions."
"https://codelist.commonapproach.org/IrisMetric53#OI8251","OI8251","Full-time Employees: Managers","Number of paid, full-time management employees (managers) at the organization as of the end of the reporting period."
"https://codelist.commonapproach.org/IrisMetric53#OI8266","OI8266","Permanent Employees: Low-Income Areas","Number of people in paid employment with the organization who reside in low-income areas as of the end of the reporting period, whether they are full-time or part-time."
"https://codelist.commonapproach.org/IrisMetric53#OI8292","OI8292","Full-time Employees: Managers with Disabilities","Number of paid, full-time management employees (managers) with disabilities at the organization as of the end of the reporting period."
"https://codelist.commonapproach.org/IrisMetric53#OI8296","OI8296","Employees Earning Lowest Wage","Number of full-time, part-time, and temporary employees of the organization that are earning the lowest hourly wage (including bonuses, excluding benefits) paid by the organization as of the end of the reporting period. See usage guidance for further details."
"https://codelist.commonapproach.org/IrisMetric53#OI8357","OI8357","Waste Disposed: Incinerated","Amount of waste disposed by the organization through incineration during the reporting period."
"https://codelist.commonapproach.org/IrisMetric53#OI8358","OI8358","Employees with Written Contracts","Number of employees (including both permanent and temporary workers) who had written contracts for their employment during the reporting period."
"https://codelist.commonapproach.org/IrisMetric53#OI8408","OI8408","Temporary Employees Hours Worked","Number of paid hours worked by temporary employees of the organization during the reporting period."
"https://codelist.commonapproach.org/IrisMetric53#OI8429","OI8429","Community Service Hours Contributed","Number of hours volunteered by full- and part-time employees of the organization during the reporting period."
"https://codelist.commonapproach.org/IrisMetric53#OI8431","OI8431","Departed Permanent Employees: Voluntary","Number of full- and part-time employees who departed the organization voluntarily during the reporting period."
"https://codelist.commonapproach.org/IrisMetric53#OI8541","OI8541","Peak Flow Rate","Rate of maximum flow of water through a stream or river on land directly or indirectly managed by the organization as of the end of the reporting period."
"https://codelist.commonapproach.org/IrisMetric53#OI8646","OI8646","Employees Promoted: Female","Number of female employees who were promoted from within the organization during the reporting period."
"https://codelist.commonapproach.org/IrisMetric53#OI8670","OI8670","Strikes and Lockouts","Number of employees' strikes and lockouts at the organization during the reporting period."
"https://codelist.commonapproach.org/IrisMetric53#OI8709","OI8709","Investment Committee Members: Female","Number of female members of the organization’s investment committee as of the end of the reporting period."
"https://codelist.commonapproach.org/IrisMetric53#OI8725","OI8725","Part-time Wages: Female","Value of wages (including bonuses, excluding benefits) paid to all female part-time employees of the organization during the reporting period."
"https://codelist.commonapproach.org/IrisMetric53#OI8791","OI8791","Average Non-Salaried Wage","Average wage paid to non-salaried and full-time, part-time, or temporary employees of the organization during the reporting period. Employees who are salaried should be excluded from this calculation."
"https://codelist.commonapproach.org/IrisMetric53#OI8825","OI8825","Energy Purchased: Total","Amount of purchased energy consumed by the organization during the reporting period."
"https://codelist.commonapproach.org/IrisMetric53#OI8828","OI8828","Water Consumed: Wastewater","Volume of wastewater used for the organization's operations during the reporting period."
"https://codelist.commonapproach.org/IrisMetric53#OI8838","OI8838","Part-time Employees: Female","Number of paid, part-time, female employees at the organization as of the end of the reporting period."
"https://codelist.commonapproach.org/IrisMetric53#OI8843","OI8843","Waste Disposed: Other","Amount of waste disposed by the organization through other means during the reporting period."
"https://codelist.commonapproach.org/IrisMetric53#OI8864","OI8864","Part-time Employees: Total","Number of paid, part-time employees at the organization as of the end of the reporting period."
"https://codelist.commonapproach.org/IrisMetric53#OI8865","OI8865","Employment Benefits Uptake","Percentage of all employees using employee benefits provided by the organization as of the end of the reporting period."
"https://codelist.commonapproach.org/IrisMetric53#OI8869","OI8869","Permanent Employees: Total","Number of people in paid employment with the organization as of the end of the reporting period, whether they are full-time or part-time."
"https://codelist.commonapproach.org/IrisMetric53#OI8941","OI8941","Full-time Wages: Female","Value of wages (including bonuses and excluding benefits) paid to all female full-time employees of the organization during the reporting period."
"https://codelist.commonapproach.org/IrisMetric53#OI9028","OI9028","Temporary Employees","Number of temporary employees paid by the organization during the reporting period."
"https://codelist.commonapproach.org/IrisMetric53#OI9077","OI9077","Number of Employee Grievances Resolved","Number of formal grievances registered by employees of the organization that were resolved during the reporting period."
"https://codelist.commonapproach.org/IrisMetric53#OI9088","OI9088","Sexual Harassment Policy","Indicates whether the organization has a written policy to combat and prevent the sexual harassment of employees and a system to monitor compliance with this policy."
"https://codelist.commonapproach.org/IrisMetric53#OI9106","OI9106","Social and Environmental Performance Risk Assessment","Indicates whether the organization assessed social and environmental risks during the reporting period."
"https://codelist.commonapproach.org/IrisMetric53#OI9202","OI9202","Streamflow Rate","Rate of flowing water in a stream or river on land directly or indirectly managed by the organization as of the end of the reporting period."
"https://codelist.commonapproach.org/IrisMetric53#OI9206","OI9206","Renewable Energy Expenditures","Amount of money spent by the organization for renewable energy infrastructure and technology to produce energy intended for consumption at the organization's operating facilities during the reporting period."
"https://codelist.commonapproach.org/IrisMetric53#OI9278","OI9278","Water Treatment Level","Describes the level of treatment that discharged water received during the reporting period.

Choose all that apply:
- Primary treatment
- Secondary treatment
- Tertiary treatment
- No treatment"
"https://codelist.commonapproach.org/IrisMetric53#OI9326","OI9326","Water Conservation Strategy","Indicates whether the organization implements a conservation strategy to reduce its water usage."
"https://codelist.commonapproach.org/IrisMetric53#OI9331","OI9331","Anti-Discrimination Policy","This metric is intended to capture detailed information on the organization’s water conservation strategy in place but does not evaluate the success with which that strategy is implemented.

Water conservation encompasses efforts made to reduce the amount of water needed to execute current processes or tasks. This metric is not intended to capture overall reduced water consumption due to reduced organizational activities (e.g., partial outsourcing of production).

Details of water conservation efforts to footnote include organizational or technological innovations that allow a defined process or task to consume water more efficiently. These may include improved water-management practices, process redesign, the conversion and retrofitting of equipment (e.g., water-efficient equipment), or the elimination of unnecessary water use through changes in behavior. Organizations’ water-reduction strategies could also include seeking alternative water sources such as gray water or rainwater capture systems. Organizations should footnote which efforts are components of their strategy.

Mismanagement of water can pose risks to operational elements including brand, credibility, credit rating, insurance, and operating costs. Organizations should footnote their analysis of such risks and how they are being addressed.

Organizations are encouraged to report the amount of water conserved using Water Conserved (OI4015) and Water Used: Total (OI1697), plus its related submetrics."
"https://codelist.commonapproach.org/IrisMetric53#OI9379","OI9379","Local Compliance","Indicates whether the organization has been identified as out of compliance with any local labor, tax, or environmental regulations during the reporting period."
"https://codelist.commonapproach.org/IrisMetric53#OI9412","OI9412","Wastewater Treated","Volume of wastewater treated by the organization during the reporting period."
"https://codelist.commonapproach.org/IrisMetric53#OI9417","OI9417","Community Health Resilience and Improvement Strategy","Indicates whether the organization implemented a community health resilience and improvement strategy during the reporting period to improve health outcomes and increase the resilience of target stakeholder populations."
"https://codelist.commonapproach.org/IrisMetric53#OI9478","OI9478","Fair Dismissal Policy","Indicates whether the organization has a written policy and practice of ensuring fair dismissal of employees and a system to monitor compliance with this policy."
"https://codelist.commonapproach.org/IrisMetric53#OI9485","OI9485","Diverse Representation Policy","Indicates whether the company has a written policy on diverse representation and a system to monitor compliance with this policy."
"https://codelist.commonapproach.org/IrisMetric53#OI9604","OI9604","Greenhouse Gas Emissions: Indirect (Scope 2)","Amount of greenhouse gases (GHG) emitted from indirect emissions sources as a result of the organization's operations during the reporting period."
"https://codelist.commonapproach.org/IrisMetric53#OI9624","OI9624","Energy Generated for Use: Total","Amount of energy generated and consumed by the organization during the reporting period."
"https://codelist.commonapproach.org/IrisMetric53#OI9650","OI9650","Forced Labor Policy","Indicates whether the organization has a written policy against forced labor and a system to monitor compliance of this policy."
"https://codelist.commonapproach.org/IrisMetric53#OI9677","OI9677","Permanent Employee Wages: Total","Value of wages (including bonuses and excluding benefits) paid to all full- and part-time employees of the organization during the reporting period."
"https://codelist.commonapproach.org/IrisMetric53#OI9767","OI9767","Wage Premium","Ratio of the additional average wage paid to employees of the organization compared to the average wage paid for a similar job in a similar industry or category and organization in the local market as of the end of the reporting period."
"https://codelist.commonapproach.org/IrisMetric53#OI9839","OI9839","Greenhouse Gas Emissions Mitigation Types","Describes types of greenhouse gas (GHG) emissions mitigation applied by the organization during the reporting period.

Choose all that apply:

- GHG emission reductions from fuel combustion
- GHG emission reductions from industrial processes (non-combustion, chemical reaction, fugitive, other)
- GHG emission reductions from land use, land use change, and forestry
- GHG emissions reductions from livestock
- GHG emissions reductions from waste handling and disposal
- GHG emissions avoided from product replacements
- GHG emissions avoided due to carbon offsets sold
- GHG emissions avoided due to carbon offsets purchased
- GHG emissions sequestered from land use, land use change, and forestry
- GHG emissions sequestered from Carbon Capture and Storage
- Other (describe)"
"https://codelist.commonapproach.org/IrisMetric53#OI9847","OI9847","Waste Disposed: Composted","Amount of waste disposed by the organization through composting during the reporting period."
"https://codelist.commonapproach.org/IrisMetric53#OI9891","OI9891","Pesticide Use","Amount of pesticides used during the reporting period on land area directly controlled by the organization."
"https://codelist.commonapproach.org/IrisMetric53#OI9948","OI9948","Part-time Wages: Total","Value of wages (including bonuses and excluding benefits) paid to all part-time employees of the organization during the reporting period."
"https://codelist.commonapproach.org/IrisMetric53#OI9956","OI9956","Part-time Wages: Historically Marginalized","Value of wages (including bonuses and excluding benefits) paid to all part-time employees of the organization during the reporting period who belong to groups historically marginalized on the basis of race and/or ethnicity."
"https://codelist.commonapproach.org/IrisMetric53#PD0754","PD0754","Learning Environment Quality Assessment","Describes whether the organization has assessed the quality of the learning environment for children or learners who used the organization's products/services as of the end of the reporting period."
"https://codelist.commonapproach.org/IrisMetric53#PD1007","PD1007","Setting of Housing/Community Facilities","Describes the setting of community development facilities or housing units projected to be constructed or preserved as a result of investments made by the organization during the reporting period.

Choose all that apply:

- Urban
- Rural
- Peri-urban
- Other"
"https://codelist.commonapproach.org/IrisMetric53#PD1310","PD1310","Connection Type","Describes the type of connection provided to households or individuals as a result of the organization's activities during the reporting period.

Choose all that apply:
- Piped water
- Sewer
- Grid electricity
- Off-grid electricity
- Internet
- Phone: Mobile
- Phone: Landline
- Other (describe)"
"https://codelist.commonapproach.org/IrisMetric53#PD1392","PD1392","Parent/Community-Teacher Engagement","NOTE: this metric has been discontinued."
"https://codelist.commonapproach.org/IrisMetric53#PD1403","PD1403","Water Provision Capacity of Products Sold: Potable","Volume of potential potable water provided over the lifetimes of all products sold during the reporting period."
"https://codelist.commonapproach.org/IrisMetric53#PD1504","PD1504","Energy Capacity of Products Sold","Amount of energy potentially generated over the lifetime of products sold by the organization during the reporting period."
"https://codelist.commonapproach.org/IrisMetric53#PD1516","PD1516","Product/Service Detailed Type","Describes the type of product or service provided by the organization in detail. Select from the options in the Reference List tab."
"https://codelist.commonapproach.org/IrisMetric53#PD1602","PD1602","Unit of Measure","Describes the unit of measure for reporting products or services sold, produced, exported, or installed by the organization.

Select one:
- British thermal units (Btu)
- Gigawatt hours (GWh)
- Hectares
- Hours
- Joules
- Kilograms
- Kilometers (Km)
- Kilowatt-hours (kWh)
- Licenses
- Liters
- Pounds
- Quintiles
- Square feet
- Square meters
- Tons
- Other

Note: Several metrics are reported in conjunction with this metric, such as Units/Volume Sold: Total (PI1263)."
"https://codelist.commonapproach.org/IrisMetric53#PD1620","PD1620","Crop Type","Type(s) of crop produced by the organization during the reporting period. Select from the options in the Reference List tab."
"https://codelist.commonapproach.org/IrisMetric53#PD1676","PD1676","Target Area Protected Status","Describes the protected status of the land the organization seeks to benefit during the reporting period.

Choose all that apply:

- Strict Nature Reserve (IUCN Category 1a)
- Wilderness Area (IUCN Category Ib)
- National Park (IUCN Category II)
- Natural Monument or Feature (IUCN Category III)
- Habitat/Species Management Area (IUCN Category IV)
- Protected Landscape/Seascape (IUCN Category V)
- Protected Area with Sustainable Use of Natural Resources (Category VI)
- No Current Protections
- Other (describe)"
"https://codelist.commonapproach.org/IrisMetric53#PD1928","PD1928","Compulsory Insurance Products","Describes compulsory insurance products required by the organization."
"https://codelist.commonapproach.org/IrisMetric53#PD2020","PD2020","Water Provision Capacity of Products Sold: Total","Volume of potential water provided over the lifetimes of all products sold during the reporting period."
"https://codelist.commonapproach.org/IrisMetric53#PD2243","PD2243","Greenhouse Gas Emissions of Product Replaced","Amount of greenhouse gases (GHG) that would have been emitted by the replaced product during the lifetime of the organization's product. Organizations should use Product Lifetime (PD4587) to capture the lifetime of the product."
"https://codelist.commonapproach.org/IrisMetric53#PD2285","PD2285","Packaging Type","Type of packaging used by the organization during the reporting period. Select all that apply:

- Recycled materials
- Non-recycled compostable or renewable materials
- Non-recycled, non-compostable, non-renewable materials"
"https://codelist.commonapproach.org/IrisMetric53#PD2532","PD2532","Housing Type","Describes the type of housing units projected to be constructed or preserved as a result of investments made by the organization during the reporting period.

Choose all that apply:

Rent or Sale:
- Rent
- Sale

Number of bedrooms:
- Studio
- 1-Bedroom
- 2-Bedroom
- 3-Bedroom
- 4-Bedroom
- 5-Bedroom
- Other"
"https://codelist.commonapproach.org/IrisMetric53#PD2541","PD2541","Target Stakeholder Socioeconomics","Describes the socioeconomic groups of stakeholders targeted by the organization as of the end of the reporting period.

Choose all that apply:

- Lower-income
- Lower middle-income
- Upper middle-income
- Other (describe)"
"https://codelist.commonapproach.org/IrisMetric53#PD2584","PD2584","Species Area of Habitat","Describes the area of habitat available to a species within that species' range during the reporting period."
"https://codelist.commonapproach.org/IrisMetric53#PD2587","PD2587","Client Locations","NOTE: This metric has been discontinued. Previous definition: Countries where the organization's products/services are purchased/used. Select from the options in the Reference List tab."
"https://codelist.commonapproach.org/IrisMetric53#PD2691","PD2691","Interest Rate Method","Describes the method(s) used by the organization to state the interest rate of its products. Select all that apply:

- Declining balance method
- Flat interest method"
"https://codelist.commonapproach.org/IrisMetric53#PD2713","PD2713","Energy Capacity of Product","Amount of energy potentially generated over the lifetime of a product based on its planned operation and context."
"https://codelist.commonapproach.org/IrisMetric53#PD2756","PD2756","Product/Service Certifications","Describes third-party certifications for products/services sold by the organization that are valid as of the end of the reporting period."
"https://codelist.commonapproach.org/IrisMetric53#PD2854","PD2854","Target Area Ecoregion","Describes the ecoregions the organization seeks to benefit as of the end of the reporting period.

Choose all that apply:

Terrestrial Ecoregions
- Deserts and xeric shrublands
- Tropical and subtropical moist broadleaf forests
- Tropical and subtropical dry broadleaf forests
- Tropical and subtropical coniferous forests
- Temperate broadleaf and mixed forests
- Temperate coniferous forest
- Boreal forests/Taiga
- Tropical and subtropical grasslands, savannas and shrublands
- Temperate grasslands, savannas and shrublands
- Flooded grasslands and savannas
- Montane grasslands and shrublands
- Tundra
- Mediterranean forests, woodlands, and scrubs
- Mangroves
- Other terrestrial ecoregion (describe)

Freshwater Ecoregions
- Large river ecosystems
- Large river headwater ecosystems
- Large river delta ecosystems
- Small river ecosystems
- Large lake ecosystems
- Small lake ecosystems
- Xeric basin ecosystems
- Other freshwater ecoregion (describe)

Marine Ecoregions
- Polar ecoregions
- Temperate shelf and seas ecoregions
- Temperate upwellings
- Tropical upwellings
- Tropical coral
- Other marine ecoregion (describe)"
"https://codelist.commonapproach.org/IrisMetric53#PD3017","PD3017","Product/Service Type","Describes the categories of economic activity that define the organization's operations.

Select all that apply:

A. Agriculture, forestry, and fishing
B. Mining and quarrying
C. Manufacturing
D. Electricity, gas, steam, and air conditioning supply
E. Water supply; sewerage, waste management, and remediation activities
F. Construction
G. Wholesale and retail trade; repair of motor vehicles and motorcycles
H. Transportation and storage
I. Accommodation and food service activities
J. Information and communication
K. Financial and insurance activities
L. Real estate activities
M. Professional, scientific, and technical activities
N. Administrative and support service activities
O. Public administration and defense; compulsory social security
P. Education
Q. Human health and social work activities
R. Arts, entertainment, and recreation
S. Other service activities
T. Activities of households as employers; undifferentiated goods and services producing activities of households for own use
U. Activities of extraterritorial organizations and bodies
V. Other (describe)"
"https://codelist.commonapproach.org/IrisMetric53#PD3079","PD3079","Weighted Average Tenor of Loans Outstanding","Weighted average tenor of loans outstanding on the organization’s balance sheet as of the end of the reporting period, measured in months."
"https://codelist.commonapproach.org/IrisMetric53#PD3523","PD3523","Water Treatment Capacity of Products Sold","Volume of potential water treated over the lifetimes of all products sold during the reporting period."
"https://codelist.commonapproach.org/IrisMetric53#PD3569","PD3569","Poverty Assessment","Indicates whether the organization assesses the poverty levels of its intended stakeholders."
"https://codelist.commonapproach.org/IrisMetric53#PD3668","PD3668","WASH Facilities Type","Describes the type of water, sanitation, and hygiene (WASH) facilities available on-site as a result of the organization's activities during the reporting period.

Choose all that apply:
- Drinking water facilities
- Handwashing facilities
- Menstrual hygiene waste disposal
- Sanitation facilities
- Other (describe)"
"https://codelist.commonapproach.org/IrisMetric53#PD3764","PD3764","Energy Capacity","Maximum amount of energy that the organization’s system can transmit (measured in kV) as of the end of the reporting period."
"https://codelist.commonapproach.org/IrisMetric53#PD3922","PD3922","Type of Land Area","Describes the type(s) of land present on hectares directly or indirectly controlled by the organization. Report for hectares controlled at any point during the reporting period.
Choose all that apply:
- Urban/built-up land
- Agricultural land
- Rangeland
- Forest land
- Water areas
- Wetland
- Barren land
- Tundra
- Perennial snow or ice"
"https://codelist.commonapproach.org/IrisMetric53#PD3931","PD3931","Water Consumption of Product","Volume of water used (consumed) over the lifetime of a product or system operated according to planned capacity."
"https://codelist.commonapproach.org/IrisMetric53#PD4120","PD4120","Hours of School Offered per Week","Number of classroom hours offered to a representative student each week during the reporting period."
"https://codelist.commonapproach.org/IrisMetric53#PD4565","PD4565","Supplier Locations","Countries where the organization's suppliers are located. Select from the options in the Reference List tab."
"https://codelist.commonapproach.org/IrisMetric53#PD4577","PD4577","Energy Storage Device Cycle Life","Number of cycles that the organization’s energy storage product can be charged and discharged over its lifetime as of the end of the reporting period, measured as cumulative energy (MWh or MJ)."
"https://codelist.commonapproach.org/IrisMetric53#PD4587","PD4587","Product Lifetime","Number of years of useful life of the product provided by the organization (based on reasonable use)."
"https://codelist.commonapproach.org/IrisMetric53#PD4686","PD4686","Livestock/Fish Type","Type of livestock product(s) produced by the organization during the reporting period. Choose all that apply from the options in the Reference List."
"https://codelist.commonapproach.org/IrisMetric53#PD4861","PD4861","Product/Service Replaced Description","Describes the product or service replaced for clients, households, or businesses by the products or services provided by the organization."
"https://codelist.commonapproach.org/IrisMetric53#PD4927","PD4927","Energy Savings from Services Sold","Amount of energy savings due to the organization's services that were sold during the reporting period."
"https://codelist.commonapproach.org/IrisMetric53#PD5087","PD5087","Water Treatment Capacity of Product: Potable","Volume of water treated to become potable over the lifetime of a product or system operated according to planned capacity."
"https://codelist.commonapproach.org/IrisMetric53#PD5098","PD5098","Other Financial Services Offered","Describes the types of financial services the organization offers in addition to core credit, savings, and insurance products."
"https://codelist.commonapproach.org/IrisMetric53#PD5205","PD5205","Service Level Type","Describes the level of access to services provided to households or individuals as a result of the organization's activities as of the end the reporting period.

Choose all that apply within the appropriate sector or service:

Drinking Water
- Safely managed
- Basic
- Limited
- Unimproved
- Surface water

Sanitation
- Safely managed
- Basic
- Limited
- Unimproved
- Open defecation

Hygiene
- Basic
- Limited
- No facility

Electricity
- Tier 5 (advanced access)
- Tier 4
- Tier 3
- Tier 2
- Tier 1
- Tier 0 (no access)"
"https://codelist.commonapproach.org/IrisMetric53#PD5578","PD5578","Energy Consumption of Product Replaced","Amount of energy that would have been consumed by the replaced product during the lifetime of the organization's product."
"https://codelist.commonapproach.org/IrisMetric53#PD5677","PD5677","Product Targeted to Women","Indicates whether the organization offers a product or service that disproportionately benefits women."
"https://codelist.commonapproach.org/IrisMetric53#PD5694","PD5694","Green Product/Service Type","Describes how a product/service provided by the organization contributes to a more environmentally sustainable economy, or disaggregates another metric in terms of how the related product or service contributes to a more environmentally sustainable economy.

Select all that apply:
- Climate change mitigation
- Climate change adaptation
- The sustainable use and protection of water and marine resources
- The transition to a circular economy
- Pollution prevention and control
- The protection and restoration of biodiversity and ecosystems
- Product/service does not contribute to a more environmentally sustainable economy
- Other (write-in)"
"https://codelist.commonapproach.org/IrisMetric53#PD5752","PD5752","Target Stakeholder Demographic","Describes the demographic groups of stakeholders targeted by the organization. Select all that apply:

Age group:
- Children (younger than 10 years old)
- Adolescents (10 years of age or older but younger than 19)
- Adults (19+ years old)
- Elderly/older adults

Gender:
- Female
- Male
- Gender Non-Binary
- Undisclosed
- Other (describe)

Disability Status:
- Persons with disabilities
- Persons without disabilities
- Undisclosed

Race/Ethnicity/Minority Status:
- Historically marginalized groups
- Dominant culture populations
- Undisclosed

Other target populations:
- Other (describe)"
"https://codelist.commonapproach.org/IrisMetric53#PD5786","PD5786","Water Savings from Products Sold","Volume of water saved over the lifetimes of all products sold during the reporting period."
"https://codelist.commonapproach.org/IrisMetric53#PD5833","PD5833","Percent Affordable Housing","Percentage of the housing units projected to be constructed or preserved as a result of investments made by the organization during the reporting period that are considered affordable housing."
"https://codelist.commonapproach.org/IrisMetric53#PD6052","PD6052","Water Provision Capacity of Product: Total","Volume of water provided over the lifetime of a product or system operated according to planned capacity."
"https://codelist.commonapproach.org/IrisMetric53#PD6343","PD6343","Savings Account Incentives","Describes the types of incentives the organization offers to clients to establish savings accounts."
"https://codelist.commonapproach.org/IrisMetric53#PD6363","PD6363","Species Extinction Threat","Describes applicable threats to species during the reporting period.

Choose all that apply:

Residential & commercial development
- Housing & urban areas
- Commercial & industrial areas
- Tourism & recreation areas

Agriculture & aquaculture
- Annual & perennial non-timber crops: Shifting agriculture
- Annual & perennial non-timber crops: Smallholder farming
- Annual & perennial non-timber crops: Agro-industry farming
- Annual & perennial non-timber crops: Scale unknown/unrecorded
- Wood & pulp plantations:
Small-holder plantations
- Wood & pulp plantations: Agro-industry plantations
- Wood & pulp plantations: Scale unknown/unrecorded
- Livestock farming & ranching: Nomadic grazing
- Livestock farming & ranching: Small-holder grazing, ranching or farming
- Livestock farming & ranching: Agro-industry grazing, ranching or farming
- Livestock farming & ranching: Scale unknown/unrecorded
- Marine & freshwater aquaculture: Subsistence/artisanal aquaculture
- Marine & freshwater aquaculture:  Industrial aquaculture
- Marine & freshwater aquaculture: Scale unknown/unrecorded

Energy production & mining
- Oil & gas drilling
- Mining & quarrying
- Renewable energy
- Other energy production & mining (describe)

Transportation & service corridors
- Roads & railroads
- Utility & service lines
- Shipping lanes
- Flight paths

Biological resource use
- Hunting & collecting terrestrial animals:  Intentional use (species being assessed is the target)
- Hunting & collecting terrestrial animals: Unintentional effects (species being assessed is not the target)
- Hunting & collecting terrestrial animals: Persecution/control
- Hunting & collecting terrestrial animals: Motivation unknown/unrecorded
- Gathering terrestrial plants:  Intentional use (species being assessed is the target)
- Gathering terrestrial plants: Unintentional effects (species being assessed is not the target)
- Gathering terrestrial plants: Persecution/control
- Gathering terrestrial plants: Motivation unknown/unrecorded
- Logging & wood harvesting:  Intentional use, subsistence/small scale (species being assessed is the target)
- Logging & wood harvesting:  Intentional use, large scale (species being assessed is the target)
- Logging & wood harvesting:  Unintentional effects, subsistence/small scale (species being assessed is not the target)
- Logging & wood harvesting:  Unintentional effects, large scale (species being assessed is not the target)
- Logging & wood harvesting: Motivation unknown/unrecorded
- Fishing & harvesting aquatic resources:  Intentional use, subsistence/small scale (species being assessed is the target)
- Fishing & harvesting aquatic resources:  Intentional use, large scale (species being assessed is the target)
- Fishing & harvesting aquatic resources:  Unintentional effects, subsistence/small scale (species being assessed is not the target)
- Fishing & harvesting aquatic resources:  Unintentional effects, large scale (species being assessed is not the target)
- Fishing & harvesting aquatic resources: Persecution/control
- Fishing & harvesting aquatic resources: Motivation unknown/unrecorded

Human intrusions & disturbance
- Recreational activities
- War, civil unrest, & military exercises
- Work & other activities
- Other human intrusions & disturbances (describe)

Natural system modifications
- Fire & fire suppression: Increase in fire frequency/intensity
- Fire & fire suppression: Suppression in fire frequency/intensity
- Fire & fire suppression: Trend unknown/unrecorded
- Dams & water management/use: Abstraction of surface water (domestic use)
- Dams & water management/use: Abstraction of surface water (commercial use)
- Dams & water management/use: Abstraction of surface water (agricultural use)
- Dams & water management/use: Abstraction of surface water (unknown use)
- Dams & water management/use: Abstraction of groundwater (domestic use)
- Dams & water management/use: Abstraction of groundwater (commercial use)
- Dams & water management/use: Abstraction of groundwater (agricultural use)
- Dams & water management/use: Abstraction of groundwater (unknown use)
- Dams & water management/use: Small dams
- Dams & water management/use: Large dams
- Dams & water management/use: Dams (size unknown)
- Other ecosystem modifications (describe)

Invasive & other problematic species, genes, & diseases
- Invasive non-native/alien species/diseases: Unspecified species
- Invasive non-native/alien species/diseases: Named species
- Problematic native species/diseases: Unspecified species
- Problematic native species/diseases: Named species
- Introduced genetic material
- Problematic species/diseases of unknown origin: Unspecified species
- Problematic species/diseases of unknown origin: Named species
- Viral/prion-induced diseases: Unspecified “species” (disease)
- Viral/prion-induced diseases: Named “species” (disease)
- Diseases of unknown cause

Pollution
- Domestic & urban wastewater: Sewage
- Domestic & urban wastewater: Run-off
- Domestic & urban wastewater: Type unknown/unrecorded
- Industrial & military effluents: Oil spills
- Industrial & military effluents: Seepage from mining
- Industrial & military effluents: Type unknown/unrecorded
- Agricultural & forestry effluents: Nutrient loads
- Agricultural & forestry effluents: Soil erosion, sedimentation
- Agricultural & forestry effluents: Herbicides & pesticides
- Agricultural & forestry effluents: Type unknown/unrecorded
- Garbage & solid waste
- Air-borne pollutants: Acid rain
- Air-borne pollutants: Smog
- Air-borne pollutants: Ozone
- Air-borne pollutants: Type unknown/unrecorded
- Excess energy: Light pollution
- Excess energy: Thermal pollution
- Excess energy: Noise pollution
- Excess energy: Type unknown/unrecorded

Geological events
- Volcanoes
- Earthquakes/tsunamis
- Avalanches/landslides
- Other geological events (describe)

Climate change & severe weather
- Habitat shifting & alteration
- Droughts
- Temperature extremes
- Storms & flooding
- Other impacts (describe)

Other options
- Other threat (describe)"
"https://codelist.commonapproach.org/IrisMetric53#PD6384","PD6384","Target Stakeholder Setting","Describes the setting of the groups of stakeholders targeted by the organization. Select all that apply:

- Rural
- Urban
- Peri-urban"
"https://codelist.commonapproach.org/IrisMetric53#PD6424","PD6424","Target Stakeholder Geography","Describes the geography of stakeholders targeted by the organization, expressed by country, as of the end of the reporting period.

Choose all that apply:

- Afghanistan
- Albania
- Algeria
- Andorra
- Angola
- Anguilla
- Antigua & Barbuda
- Argentina
- Armenia
- Australia
- Austria
- Azerbaijan
- Bahamas
- Bahrain
- Bangladesh
- Barbados
- Belarus
- Belgium
- Belize
- Benin
- Bermuda
- Bhutan
- Bolivia
- Bosnia & Herzegovina
- Botswana
- Brazil
- Brunei Darussalam
- Bulgaria
- Burkina Faso
- Myanmar (Burma)
- Burundi
- Cambodia
- Cameroon
- Canada
- Cape Verde
- Cayman Islands
- Central African Republic
- Chad
- Chile
- China
- Colombia
- Comoros
- Costa Rica
- Croatia
- Cuba
- Cyprus
- Czech Republic
- Democratic Republic of the Congo
- Denmark
- Djibouti
- Dominica
- Dominican Republic
- Ecuador
- Egypt
- El Salvador
- Equatorial Guinea
- Eritrea
- Estonia
- Ethiopia
- Fiji
- Finland
- France
- French Guiana
- Gabon
- Gambia
- Georgia
- Germany
- Ghana
- Great Britain
- Greece
- Grenada
- Guadeloupe
- Guatemala
- Guinea
- Guinea-Bissau
- Guyana
- Haiti
- Honduras
- Hungary
- Iceland
- India
- Indonesia
- Iran
- Iraq
- Israel and the Occupied Territories
- Italy
- Ivory Coast (Côte d'Ivoire)
- Jamaica
- Japan
- Jordan
- Kazakhstan
- Kenya
- Kosovo
- Kuwait
- Kyrgyzstan
- Laos
- Latvia
- Lebanon
- Lesotho
- Liberia
- Libya
- Liechtenstein
- Lithuania
- Luxembourg
- Republic of Macedonia
- Madagascar
- Malawi
- Malaysia
- Maldives
- Mali
- Malta
- Martinique
- Mauritania
- Mauritius
- Mayotte
- Mexico
- Moldova
- Monaco
- Mongolia
- Montenegro
- Montserrat
- Morocco
- Mozambique
- Namibia
- Nepal
- Netherlands
- New Zealand
- Nicaragua
- Niger
- Nigeria
- North Korea
- Norway
- Oman
- Pacific Islands
- Pakistan
- Panama
- Papua New Guinea
- Paraguay
- Peru
- Philippines
- Poland
- Portugal
- Puerto Rico
- Qatar
- Réunion
- Romania
- Russian Federation
- Rwanda
- Saint Kitts and Nevis
- Saint Lucia
- Saint Vincent & the Grenadines
- Samoa
- São Tomê and Príncipe
- Saudi Arabia
- Senegal
- Serbia
- Seychelles
- Sierra Leone
- Singapore
- Slovakia
- Slovenia
- Solomon Islands
- Somalia
- South Africa
- South Korea
- South Sudan
- Spain
- Sri Lanka
- Sudan
- Suriname
- Swaziland
- Sweden
- Switzerland
- Syria
- Tajikistan
- Tanzania
- Thailand
- Timor Leste
- Togo
- Trinidad & Tobago
- Tunisia
- Turkey
- Turkmenistan
- Turks & Caicos Islands
- Uganda
- Ukraine
- United Arab Emirates
- United States of America
- Uruguay
- Uzbekistan
- Venezuela
- Vietnam
- Virgin Islands (UK)
- Virgin Islands (U.S.)
- Yemen
- Zambia
- Zimbabwe"
"https://codelist.commonapproach.org/IrisMetric53#PD6429","PD6429","Species Conservation Status","Describes the conservation status of species during the reporting period.


Choose all that apply:

- Least concern
- Near threatened
- Vulnerable
- Endangered
- Critically endangered
- Extinct in the wild
- Extinct
- Data deficient
- Not evaluated"
"https://codelist.commonapproach.org/IrisMetric53#PD6596","PD6596","Energy Consumption of Product","Amount of energy consumed by the product during its lifetime."
"https://codelist.commonapproach.org/IrisMetric53#PD6806","PD6806","Client State/Province/Region","States or provinces where the organization's products/services are purchased/used."
"https://codelist.commonapproach.org/IrisMetric53#PD6929","PD6929","Water Provision Capacity of Product: Potable","Volume of potable water provided over the lifetime of a product or system operated according to planned capacity."
"https://codelist.commonapproach.org/IrisMetric53#PD7356","PD7356","Microfinance Delivery Methodology","Describes the methodologies the organization uses to deliver financial services. Select all that apply:

- Individual lending
- Solidarity group lending
- Village/self-help group lending
- Digital financial services
- Agency banking
- Licensed agents working on behalf of the financial service provider
- Roving staff/mobile branches
- ATMs
- Mobile banking
- Internet-based services
- Merchant POS or network
- Other"
"https://codelist.commonapproach.org/IrisMetric53#PD7557","PD7557","Community Facilities Type","Describes the type of community development facilities projected to be built, renovated, or purchased as a result of investments made by the organization during the reporting period.

Choose all that apply:

- Childcare
- Education
- Healthcare
- Other"
"https://codelist.commonapproach.org/IrisMetric53#PD7621","PD7621","Water Consumption of Product Replaced","Average volume of water that would have been consumed by the replaced product during the lifetime of the organization's product."
"https://codelist.commonapproach.org/IrisMetric53#PD7899","PD7899","Product/Service Description","Describes (qualitatively) the product or service provided by the organization."
"https://codelist.commonapproach.org/IrisMetric53#PD7932","PD7932","Environmental Policies for Financial Services Clients","Indicates whether the organization implements environmental policies associated with the organization’s financing practices."
"https://codelist.commonapproach.org/IrisMetric53#PD7993","PD7993","Client Type","Describes the types of entities that are buyers or recipients of the organization's products/services. Select all that apply:

- Individuals
- Households
- Microenterprises
- Small and Medium-Sized Enterprises
- Large Enterprises
- Nonprofit/Non-Governmental Organizations
- Governmental Organizations
- Other"
"https://codelist.commonapproach.org/IrisMetric53#PD8494","PD8494","Ecosystem Services Provided","Describes the ecosystem services—that is, the societal benefits of nature—provided by the ecosystem on land or marine area directly or indirectly controlled by the organization during the reporting period. Select all that apply:

Provisioning Values/Services

- Food
- Biological raw materials
- Biomass fuel
- Freshwater
- Genetic resources
- Biochemicals, natural medicines, pharmaceuticals

Regulating Values/Services

- Maintenance of air quality
- Regulation of climate
- Regulation of water timing and flows
- Erosion control
- Water purification and waste treatment
- Disease mitigation
- Maintenance of soil quality
- Pest mitigation
- Pollination
- Natural hazard mitigation

Supporting Values/Services

- Habitat
- Nutrient cycling
- Primary production
- Water cycling

Cultural Values/Services

- Recreation and ecotourism
- Ethical and spiritual values
- Educational and inspirational values"
"https://codelist.commonapproach.org/IrisMetric53#PD8501","PD8501","Meter Type","Describes the type of meter provided to households or individuals with utility connections as a result of the organization's activities during the reporting period.

Choose all that apply:

- Operating meter
- Non-operating/broken meter
- No meter
- Undisclosed"
"https://codelist.commonapproach.org/IrisMetric53#PD8586","PD8586","Water Treatment Capacity of Product: Total","Volume of water treated over the lifetime of a product or system operated according to planned capacity."
"https://codelist.commonapproach.org/IrisMetric53#PD8635","PD8635","Days of School Offered per Year","Number of days of school offered by the organization each year."
"https://codelist.commonapproach.org/IrisMetric53#PD8808","PD8808","Sector of Operations","Describes the sector(s) in which the organization focuses its operations. Select all that apply:
A. Agriculture, forestry, and fishing
B. Mining and quarrying
C. Manufacturing
D. Electricity, gas, steam, and air conditioning supply
E. Water supply; sewerage, waste management, and remediation activities
F. Construction
G. Wholesale and retail trade; repair of motor vehicles and motorcycles
H. Transportation and storage
I. Accommodation and food service activities
J. Information and communication
K. Financial and insurance activities
L. Real estate activities
M. Professional, scientific, and technical activities
N. Administrative and support service activities
O. Public administration and defense; compulsory social security
P. Education
Q. Human health and social work activities
R. Arts, entertainment, and recreation
S. Other service activities
T. Activities of households as employers; undifferentiated goods and services producing activities of households for own use
U. Activities of extraterritorial organizations and bodies
V. Other (describe)"
"https://codelist.commonapproach.org/IrisMetric53#PD9009","PD9009","Conservation Priority Characteristics","Length of protected land boundary shared with the organization's protected land as of the end of the reporting period."
"https://codelist.commonapproach.org/IrisMetric53#PD9173","PD9173","Learning Hours Provided: Type","Describes the type of learning time provided through the organization's products/services during the reporting period.

Choose all that apply (see usage guidance for definitions):
- School time
- Instructional time
- Engaged time/time-on-task
- Supportive learning time
- Other (describe)"
"https://codelist.commonapproach.org/IrisMetric53#PD9337","PD9337","Compulsory Deposits","Indicates whether the organization requires clients to establish savings accounts."
"https://codelist.commonapproach.org/IrisMetric53#PD9364","PD9364","Percent Recycled Materials","Percentage of recycled materials used to manufacture the organization's products (including packaging) during the reporting period."
"https://codelist.commonapproach.org/IrisMetric53#PD9427","PD9427","Greenhouse Gas Emissions of Product","Amount of greenhouse gases (GHG) emitted by a product over its lifetime. Organizations should use Product Lifetime (PD4587) to capture the lifetime of the product."
"https://codelist.commonapproach.org/IrisMetric53#PD9681","PD9681","Non-financial Support Offered","Describes the type of non-financial support the organization offers to clients, if applicable."
"https://codelist.commonapproach.org/IrisMetric53#PD9759","PD9759","Extracurricular Programs Offered","Describes the extracurricular activities that the organization offers to students."
"https://codelist.commonapproach.org/IrisMetric53#PD9911","PD9911","Child Developmental Assessment","Describes whether the organization has screened children who are using the organization's products/services for developmental progress and delays as of the end of the reporting period."
"https://codelist.commonapproach.org/IrisMetric53#PI0045","PI0045","Developmental Status","Describes the developmental status of children served by the organization as of the end of the reporting period.

Choose all that apply:
- Developmentally on track overall
- Developmentally on track in language
- Developmentally on track in executive function
- Developmentally on track in health
- Developmentally on track in social and behavioral skills
- Developmentally delayed
- Other (describe)"
"https://codelist.commonapproach.org/IrisMetric53#PI0478","PI0478","Water Quality Standards Pass Rate","Percent of water samples at distribution or network sampling points that meet national standards for chemical water quality, residual chlorine, and microbiological contamination during the reporting period."
"https://codelist.commonapproach.org/IrisMetric53#PI0617","PI0617","Availability of Basic Services/Facilities","Indicates whether basic services are present onsite, along with a system in place to maintain them, as of the end of the reporting period."
"https://codelist.commonapproach.org/IrisMetric53#PI0915","PI0915","Energy Storage Capacity","Maximum amount of energy that can be stored in the organization’s energy storage product (in MWh or MJ) as of the end of the reporting period."
"https://codelist.commonapproach.org/IrisMetric53#PI1017","PI1017","Healthcare Facilities","Number of healthcare units/facilities under the organization's management as of the end of the reporting period."
"https://codelist.commonapproach.org/IrisMetric53#PI1022","PI1022","Energy Discharge Rate","Average discharge rate of the organization’s storage product , measured as the energy storage capacity divided by the discharge time, during the reporting period."
"https://codelist.commonapproach.org/IrisMetric53#PI1060","PI1060","Distributor Organizations: Total","Number of enterprises that served as distributors of the organization's products/services during the reporting period."
"https://codelist.commonapproach.org/IrisMetric53#PI1081","PI1081","School Enrollment: Female","Number of female students enrolled as of the end of the reporting period, both full- and part-time, with each discrete student counted once regardless of their number of courses."
"https://codelist.commonapproach.org/IrisMetric53#PI1136","PI1136","Student Transportation","Indicates if the organization provided transportation to students that needed or requested it during the reporting period."
"https://codelist.commonapproach.org/IrisMetric53#PI1160","PI1160","Distributor Individuals: Disabilities","Number of individuals with disabilities who served as distributors of the organization’s products/services during the reporting period."
"https://codelist.commonapproach.org/IrisMetric53#PI1209","PI1209","Responsible Financial Products/Services Offered","Indicates whether the organization offers responsible financial products and services. See usage guidance for further information."
"https://codelist.commonapproach.org/IrisMetric53#PI1263","PI1263","Units/Volume Sold: Total","Amount of the product/service sold by the organization during the reporting period."
"https://codelist.commonapproach.org/IrisMetric53#PI1275","PI1275","Renewal Ratio","Percentage of the organization’s clients that stay enrolled in policies after their coverage term expires during the reporting period."
"https://codelist.commonapproach.org/IrisMetric53#PI1290","PI1290","Units/Volume Produced","Amount of the product/service produced by the organization during the reporting period."
"https://codelist.commonapproach.org/IrisMetric53#PI1297","PI1297","Individuals Displaced: Total","Number of individuals displaced as a result of projects supported/financed by the organization during the reporting period."
"https://codelist.commonapproach.org/IrisMetric53#PI1405","PI1405","Average Supplier Agricultural Yield: Smallholder","Average agricultural yield per hectare of smallholder farmers who sold to the organization during the reporting period."
"https://codelist.commonapproach.org/IrisMetric53#PI1409","PI1409","Target Stakeholder Spending: Housing","Amount of money spent by the average target stakeholder on housing costs during the reporting period."
"https://codelist.commonapproach.org/IrisMetric53#PI1417","PI1417","Client Households: Urban","Number of unique households in urban areas that were clients of the organization during the reporting period."
"https://codelist.commonapproach.org/IrisMetric53#PI1422","PI1422","Packaging Weight","Weight of packaging used by the organization during the reporting period."
"https://codelist.commonapproach.org/IrisMetric53#PI1435","PI1435","Energy Stored","Amount of energy stored by the organization during the reporting period."
"https://codelist.commonapproach.org/IrisMetric53#PI1478","PI1478","Number of Loans Outstanding","Number of disbursed loans remaining on the organization’s balance sheet as of the end of the reporting period."
"https://codelist.commonapproach.org/IrisMetric53#PI1489","PI1489","Area of Land Deforested","Area of land deforested by the organization during the reporting period."
"https://codelist.commonapproach.org/IrisMetric53#PI1492","PI1492","Payments to Supplier Individuals: Total","Value of payments made by the organization to individuals who sold to the organization during the reporting period."
"https://codelist.commonapproach.org/IrisMetric53#PI1509","PI1509","Units/Volume Sold: Lost/Leaked","Amount of the product/service provided by the organization for free as a result of loss or leakage during the reporting period."
"https://codelist.commonapproach.org/IrisMetric53#PI1533","PI1533","Disease/Condition Addressed","Describes the diseases or conditions addressed by the organization's products or services provided during the reporting period. Select all that apply:

- 01 Certain infectious or parasitic diseases
- 02 Neoplasms
- 03 Diseases of the blood or blood-forming organs
- 04 Diseases of the immune system
- 05 Endocrine, nutritional, or metabolic diseases
- 06 Mental, behavioural or neurodevelopmental disorders
- 07 Sleep-wake disorders
- 08 Diseases of the nervous system
- 09 Diseases of the visual system
- 10 Diseases of the ear or mastoid process
- 11 Diseases of the circulatory system
- 12 Diseases of the respiratory system
- 13 Diseases of the digestive system
- 14 Diseases of the skin
- 15 Diseases of the musculoskeletal system or connective tissue
- 16 Diseases of the genitourinary system
- 17 Conditions related to sexual health
- 18 Pregnancy, childbirth, or the puerperium
- 19 Certain conditions originating in the perinatal period
- 20 Developmental anomalies
- 21 Symptoms, signs or clinical findings, not elsewhere classified
- 22 Injury, poisoning or certain other consequences of external causes
- 23 External causes of morbidity or mortality
- 24 Factors influencing health status or contact with health services
- 25 Codes for special purposes
- 26 Supplementary Chapter Traditional Medicine Conditions - Module I"
"https://codelist.commonapproach.org/IrisMetric53#PI1568","PI1568","Producer Price Premium","Price premium percentage that the producer (supplier) selling to the organization obtains from the organization for its goods or services during the reporting period."
"https://codelist.commonapproach.org/IrisMetric53#PI1583","PI1583","Client Households: Receiving Free Products/Services","Number of unique client households who received free products/services from the organization during the reporting period."
"https://codelist.commonapproach.org/IrisMetric53#PI1586","PI1586","Building Area of Energy Efficiency Improvements","Area of buildings projected to receive energy-efficiency improvements as a result of investments made by the organization during the reporting period."
"https://codelist.commonapproach.org/IrisMetric53#PI1595","PI1595","Energy Discharged","Amount of energy discharged (MWh or MJ) from the organization’s energy storage product during the reporting period."
"https://codelist.commonapproach.org/IrisMetric53#PI1653","PI1653","Account Value","Disaggregates a metric representing accounts in terms of the direction of their change in value during the reporting period.

Select any that apply:
- Increased in value during the reporting period
- Decreased in value or stayed the same value during the reporting period
- Other (write-in)"
"https://codelist.commonapproach.org/IrisMetric53#PI1726","PI1726","Client Households: Poor","Number of unique poor households that were clients of the organization during the reporting period."
"https://codelist.commonapproach.org/IrisMetric53#PI1728","PI1728","Supplier Individuals: Female","Number of female individuals who sold goods or services to the organization during the reporting period."
"https://codelist.commonapproach.org/IrisMetric53#PI1748","PI1748","Client Savings Premium","Percentage price savings the client obtains by purchasing a product or service from the organization and the average price that they would otherwise pay for a similar product or service in the local market."
"https://codelist.commonapproach.org/IrisMetric53#PI1775","PI1775","Sales Revenue","Value of revenue received during the reporting period from sales of the organization’s products/services."
"https://codelist.commonapproach.org/IrisMetric53#PI1807","PI1807","Client Individuals: No Direct Payment","Number of unique client individuals who received products/services during the reporting period, for which no direct payment was provided to the organization at the time of service but for which the organization expects to be reimbursed."
"https://codelist.commonapproach.org/IrisMetric53#PI1836","PI1836","Learning Hours","Number of learning hours provided to students during the reporting period."
"https://codelist.commonapproach.org/IrisMetric53#PI1845","PI1845","Energy Demand Hours Type","Describes the time frame in which the organization operated during the reporting period.

Choose all that apply:
- Peak
- Off-Peak
- Undisclosed
- Other (describe)"
"https://codelist.commonapproach.org/IrisMetric53#PI1849","PI1849","Payments to Supplier Organizations: Local","Value of payments made to local enterprises that sold goods or services to the organization during the reporting period."
"https://codelist.commonapproach.org/IrisMetric53#PI1902","PI1902","Teachers Qualified","Number of teachers at the organizations as of the end of the reporting period who have obtained training or have qualifications that meet or exceed the minimum requirements of the local area."
"https://codelist.commonapproach.org/IrisMetric53#PI1914","PI1914","Number of Equity Investments Outstanding","Number of equity investments on the organization’s balance sheet as of the end of the reporting period."
"https://codelist.commonapproach.org/IrisMetric53#PI1934","PI1934","Average Insurance Premium","Average annualized insurance premium charged for a particular insurance product provided by the organization during the reporting period."
"https://codelist.commonapproach.org/IrisMetric53#PI1945","PI1945","Client Individuals: Children/Adolescents","Number of unique children and adolescents who were clients of the organization during the reporting period."
"https://codelist.commonapproach.org/IrisMetric53#PI1997","PI1997","Purchase Price of Product or Service Replaced","Indicates the average price paid in the local market by clients for a product/service that is similar to the product/service sold by the organization."
"https://codelist.commonapproach.org/IrisMetric53#PI2019","PI2019","Units/Volume Purchased from Supplier Organizations: Total","Units/volume from organizations that sold to the reporting organization during the reporting period."
"https://codelist.commonapproach.org/IrisMetric53#PI2025","PI2025","Gross Earned Premium","Value of premium earned by the organization as of the end of the reporting period, without any deductions for commissions or other expenses."
"https://codelist.commonapproach.org/IrisMetric53#PI2046","PI2046","Average Supplier Agriculture Yield: Total","Average agricultural yield per hectare of supplier individuals who sold to the reporting organization during the reporting period."
"https://codelist.commonapproach.org/IrisMetric53#PI2070","PI2070","Promptness of Claims Submission","Average number of days elapsed between the occurrence of an insured incident and the submission of a complete claim by the stakeholder (client of the organization) for all claims settled during the reporting period."
"https://codelist.commonapproach.org/IrisMetric53#PI2073","PI2073","Hazardous Waste Avoided","Amount of hazardous waste avoided through refurbishing, reusing, and recycling as part of delivering or developing the organization's products and services during the reporting period."
"https://codelist.commonapproach.org/IrisMetric53#PI2111","PI2111","Target Stakeholder Spending: Connectivity","Amount of money spent by an average target stakeholder on connectivity costs during the reporting period."
"https://codelist.commonapproach.org/IrisMetric53#PI2112","PI2112","Vehicle Distance Traveled","Distance traveled by vehicles owned, operated, or sold by the organization during the reporting period."
"https://codelist.commonapproach.org/IrisMetric53#PI2125","PI2125","Distributor Individuals: Low Income","Number of low-income individuals who served as distributors of the organization's products/services during the reporting period."
"https://codelist.commonapproach.org/IrisMetric53#PI2135","PI2135","Length of Adjacent Protected Land","Length of protected land boundary shared with the organization's protected land as of the end of the reporting period."
"https://codelist.commonapproach.org/IrisMetric53#PI2173","PI2173","School Enrollment: Low Income","Number of low-income students enrolled as of the end of the reporting period, both full- and part-time, with each discrete student counted once regardless of their number of courses."
"https://codelist.commonapproach.org/IrisMetric53#PI2180","PI2180","Client Households: No Direct Payment","Number of unique client households that received products/services during the reporting period where no direct payment was provided to the organization at the time of service but for which the organization expects to be reimbursed."
"https://codelist.commonapproach.org/IrisMetric53#PI2185","PI2185","Client Individuals: Referred","Number of unique individual clients of the organization who were referred by other clients of the organization during the reporting period."
"https://codelist.commonapproach.org/IrisMetric53#PI2197","PI2197","Number of Complaints Registered","Number of complaints registered by clients of the organization during the reporting period."
"https://codelist.commonapproach.org/IrisMetric53#PI2210","PI2210","Energy Generated for Sale: Non-Renewable","Amount of non-renewable energy generated and sold to offtaker(s) during the reporting period."
"https://codelist.commonapproach.org/IrisMetric53#PI2230","PI2230","Service Hours Interrupted","Number of hours-of-service interruptions during the reporting period."
"https://codelist.commonapproach.org/IrisMetric53#PI2242","PI2242","Supplier Individuals: Poor","Number of poor individuals who sold goods or services to the organization during the reporting period."
"https://codelist.commonapproach.org/IrisMetric53#PI2250","PI2250","Schooling Status","Describes the schooling status of students served by the organization during the reporting period.

Choose all that apply:

Enrollment status:
- Enrolled
- Not enrolled
- Other (describe)

Grade promotion:
- Promoted to next year of schooling
- Repeated year of schooling
- Dropped out
- Graduated
- Other (describe)"
"https://codelist.commonapproach.org/IrisMetric53#PI2251","PI2251","Jobs Created at Directly Supported/Financed Enterprises: Low-Income Areas","Net number of new, full-time equivalent employees living in low-income areas and working for enterprises directly financed or supported by the organization during the reporting period.

Many organizations select the beginning of the reporting period as the time when the organization began its support or investment."
"https://codelist.commonapproach.org/IrisMetric53#PI2302","PI2302","Payments to Supplier Individuals: Female","Value of payments made by the organization to female individuals who sold goods or services to the organization during the reporting period."
"https://codelist.commonapproach.org/IrisMetric53#PI2389","PI2389","School Enrollment: Total","Number of students enrolled as of the end of the reporting period, both full- and part-time, with each discrete student counted once regardless of their number of courses."
"https://codelist.commonapproach.org/IrisMetric53#PI2410","PI2410","Value of Community Facilities Financed","Value of community facilities projected to be built, renovated, or purchased as a result of investments made by the organization during the reporting period."
"https://codelist.commonapproach.org/IrisMetric53#PI2422","PI2422","Units/Volume Purchased at Price Premium","Units/volume from individuals and organizations that sold to the organization and that have received a price premium during the reporting period."
"https://codelist.commonapproach.org/IrisMetric53#PI2476","PI2476","Communities Served","Number of communities where the organization's products and services were available during the reporting period."
"https://codelist.commonapproach.org/IrisMetric53#PI2491","PI2491","Number of Housing Units Constructed","Number of housing units constructed by the organization during the reporting period."
"https://codelist.commonapproach.org/IrisMetric53#PI2538","PI2538","Length of Coastline Restored","Length of marine or freshwater coastline under management for ecological restoration on protected land, land under sustainable stewardship, or land under sustainable cultivation during the reporting period."
"https://codelist.commonapproach.org/IrisMetric53#PI2551","PI2551","Earnings of Distributor Individuals: Female","Earnings of female individual distributors as a result of selling the organization’s products/services during the reporting period."
"https://codelist.commonapproach.org/IrisMetric53#PI2566","PI2566","Supplier Individuals: Rural","Number of individuals residing in rural areas who sold goods or services to the organization during the reporting period."
"https://codelist.commonapproach.org/IrisMetric53#PI2575","PI2575","Client Organizations: Provided New Access","Number of enterprise clients that were served by the organization and provided access, during the reporting period, to products/services they were unable to access prior to the reporting period.

For further clarification, organizations should reference New Access to Water, New Access to Energy, New Access to Education, New Access to Finance, or New Access to Healthcare in the glossary."
"https://codelist.commonapproach.org/IrisMetric53#PI2594","PI2594","Earnings of Distributor Individuals: Low Income","Earnings of low-income individual distributors as a result of selling the organization’s products/services during the reporting period."
"https://codelist.commonapproach.org/IrisMetric53#PI2640","PI2640","Individuals Housed","Number of individuals projected to be housed in single- or multi-family dwellings as a result of new construction, loans, repairs, or remodeling resulting from investments made by the organization during the reporting period."
"https://codelist.commonapproach.org/IrisMetric53#PI2688","PI2688","Jobs Maintained at Directly Supported/Financed Enterprises: Low-Income Areas","Number of full-time equivalent employees who reside in low-income areas and work for enterprises directly financed or supported by the organization at the beginning of the reporting period and who remain at the organization as of the end of the reporting period.

Many organizations select the beginning of the reporting period as the time when the organization began its support or investment."
"https://codelist.commonapproach.org/IrisMetric53#PI2718","PI2718","School Fees","Average school fees per student per month during the reporting period."
"https://codelist.commonapproach.org/IrisMetric53#PI2758","PI2758","Distributor Individuals: Total","Number of individuals who served as distributors of the organization’s products/services during the reporting period."
"https://codelist.commonapproach.org/IrisMetric53#PI2764","PI2764","Greenhouse Gas Emissions Avoided","Amount of greenhouse gas (GHG) emissions avoided by the organization during the reporting period."
"https://codelist.commonapproach.org/IrisMetric53#PI2771","PI2771","Food Insecurity Experience","Score describing the experienced severity of food security among a set of stakeholders defined by another metric or set. See usage guidance for further detail and resources."
"https://codelist.commonapproach.org/IrisMetric53#PI2787","PI2787","Greenhouse Gas Emissions Avoided Due to Carbon Offsets Sold","Amount of greenhouse gas (GHG) emissions avoided through carbon credits sold during the reporting period."
"https://codelist.commonapproach.org/IrisMetric53#PI2822","PI2822","Client Individuals: Provided New Access","Number of unique client individuals who were served by the organization and provided access, during the reporting period, to products/services they were unable to access prior to the reporting period.

For further clarification, organizations should reference New Access to Water, New Access to Energy, New Access to Education, New Access to Finance, or New Access to Healthcare in the glossary."
"https://codelist.commonapproach.org/IrisMetric53#PI2845","PI2845","Client Households: Provided New Access","Number of unique households that were clients of the organization and provided access, during the reporting period, to products/services they were unable to access prior to the reporting period.

For further clarification, organizations should reference New Access to Water, New Access to Energy, New Access to Education, New Access to Finance, or New Access to Healthcare in the glossary."
"https://codelist.commonapproach.org/IrisMetric53#PI2884","PI2884","Water Savings from Services Sold","Volume of water saved during the reporting period as a result of the organization's services sold."
"https://codelist.commonapproach.org/IrisMetric53#PI2888","PI2888","Earnings of Distributor Organizations: SME","Earnings of distributors that are small and medium-sized enterprises (SME) as a result of selling the organization’s products/services during the reporting period."
"https://codelist.commonapproach.org/IrisMetric53#PI2998","PI2998","Individuals Trained: Total","Number of individuals who received training offered by the organization during the reporting period."
"https://codelist.commonapproach.org/IrisMetric53#PI3009","PI3009","Individuals Displaced: Compensated","Number of individuals displaced as a result of projects supported/financed by the organization who were compensated for their displacement during the reporting period. Organizations should include type and amount of compensation in footnotes."
"https://codelist.commonapproach.org/IrisMetric53#PI3016","PI3016","Supplier Screening Ratio","Percentage of supplier organizations during the reporting period that were screened using social and/or environmental criteria."
"https://codelist.commonapproach.org/IrisMetric53#PI3069","PI3069","Number of Potential Renewals","Number of policies belonging to the organization’s clients that could have been renewed during the reporting period."
"https://codelist.commonapproach.org/IrisMetric53#PI3113","PI3113","Level of Stream Connectivity","Describes the level of fragmentation of streams—the extent to which streams and rivers are fragmented into unconnected parts—present on land directly or indirectly controlled by the organization as of the end of the reporting period. Report for hectares controlled at any point during the reporting period.

Choose one:
- Very low fragmentation
- Low fragmentation
- Moderate fragmentation
- High fragmentation
- Very high fragmentation
- No data"
"https://codelist.commonapproach.org/IrisMetric53#PI3180","PI3180","Revenue Generated at Directly Supported/Financed Enterprises","Revenue of enterprises financed or supported by the organization during the reporting period."
"https://codelist.commonapproach.org/IrisMetric53#PI3193","PI3193","Client Individuals: Poor","Number of unique poor individuals who were clients of the organization during the reporting period."
"https://codelist.commonapproach.org/IrisMetric53#PI3212","PI3212","Number of Renewals","Number of policies belonging to the organization’s clients that were renewed during the reporting period after the coverage term expired."
"https://codelist.commonapproach.org/IrisMetric53#PI3218","PI3218","Public Water Point Coverage","Number of individuals within a coverage region (defined by a municipality, district, or designated service area) who have primary water access through a public tap as of the end of the reporting period."
"https://codelist.commonapproach.org/IrisMetric53#PI3239","PI3239","Length of Streams Present","Length of freshwater streams present during the reporting period on protected land, land under sustainable stewardship, or land under sustainable cultivation."
"https://codelist.commonapproach.org/IrisMetric53#PI3240","PI3240","Value of Voluntary Savings Accounts","Value of voluntary savings accounts managed by the organization, including demand deposits and time deposits, as of the end of the reporting period."
"https://codelist.commonapproach.org/IrisMetric53#PI3268","PI3268","Client Households: Historically Marginalized","Number of unique households with at least one household member who belongs to a group historically marginalized on the basis of race and/or ethnicity and that were clients of the organization during the reporting period."
"https://codelist.commonapproach.org/IrisMetric53#PI3291","PI3291","Client Time Savings","Number of hours saved by clients as a result of the organization’s products and services during the reporting period."
"https://codelist.commonapproach.org/IrisMetric53#PI3317","PI3317","Number of Individual Connections","Number of connections to utilities and services provided to individuals by the organization as of the end of the reporting period."
"https://codelist.commonapproach.org/IrisMetric53#PI3337","PI3337","School Enrollment: Peri-urban","Number of students residing in peri-urban areas enrolled as of the end of the reporting period, both full- and part-time, with each discrete student counted once regardless of their number of courses."
"https://codelist.commonapproach.org/IrisMetric53#PI3383","PI3383","Claims Rejected","Number of claims submitted to the organization that were rejected during the reporting period."
"https://codelist.commonapproach.org/IrisMetric53#PI3406","PI3406","Payments to Supplier Individuals: Urban","Value of payments made by the organization to individuals residing in urban areas who sold goods or services to the organization during the reporting period."
"https://codelist.commonapproach.org/IrisMetric53#PI3468","PI3468","Average Client Agricultural Yield: Total","Average agricultural yield per hectare of clients (who were farmers) of the organization during the reporting period."
"https://codelist.commonapproach.org/IrisMetric53#PI3486","PI3486","Product Hours of Light Available","Number of hours of light available from the product during the reporting period."
"https://codelist.commonapproach.org/IrisMetric53#PI3499","PI3499","Students Provided Partial Scholarship","Number of students receiving partial scholarships during the reporting period."
"https://codelist.commonapproach.org/IrisMetric53#PI3527","PI3527","Job Placement Rate","Percentage of the organization’s clients who were placed in part-time, full-time, temporary, or permanent jobs during the reporting period."
"https://codelist.commonapproach.org/IrisMetric53#PI3594","PI3594","Child Stunting Prevalence","Ratio of children within the area served by the organization who experienced stunting as of the end of the reporting period."
"https://codelist.commonapproach.org/IrisMetric53#PI3651","PI3651","Teacher Attendance Rate","Rate of teacher attendance during the reporting period."
"https://codelist.commonapproach.org/IrisMetric53#PI3687","PI3687","Jobs Created at Directly Supported/Financed Enterprises: Total","Net number of new, full-time equivalent employees working for enterprises financed or supported by the organization during the reporting period.

Many organizations select the beginning of the reporting period as the time when the organization began its support or investment."
"https://codelist.commonapproach.org/IrisMetric53#PI3720","PI3720","Service Interruptions","Number of service interruptions experienced by clients during the reporting period."
"https://codelist.commonapproach.org/IrisMetric53#PI3734","PI3734","Minimum Insurance Premium","Minimum annualized insurance premium offered for the insurance product provided by the organization during the reporting period."
"https://codelist.commonapproach.org/IrisMetric53#PI3786","PI3786","Student Attendance Rate","Rate of student attendance during the reporting period."
"https://codelist.commonapproach.org/IrisMetric53#PI3789","PI3789","Land Indirectly Controlled: Total","Area of land indirectly controlled by the organization during the reporting period."
"https://codelist.commonapproach.org/IrisMetric53#PI3825","PI3825","Units/Volume Purchased from Supplier Individuals: Certified","Certified units/volume purchased from individuals who sold to the reporting organization during the reporting period."
"https://codelist.commonapproach.org/IrisMetric53#PI3848","PI3848","Area of Trees Planted: Native Species","Area of land on which the organization planted native species of trees during the reporting period."
"https://codelist.commonapproach.org/IrisMetric53#PI3863","PI3863","Quality Assurance Mechanism","Describes the quality assurance mechanisms that were in place at the organization during the reporting period. Select all that apply:

- Peer review/supervision
- Audit and feedback
- Checklists and logs
- Electronic monitoring systems
- Communication and education strategies
- Guidelines, protocols, and registries
- Other"
"https://codelist.commonapproach.org/IrisMetric53#PI3902","PI3902","Healthcare Crude Coverage","Percentage of the organization's clients (patients) who received necessary health intervention(s) during the reporting period."
"https://codelist.commonapproach.org/IrisMetric53#PI3924","PI3924","Protected Land Area: Permanent","Area of land with permanently protected status as of the end of the reporting period."
"https://codelist.commonapproach.org/IrisMetric53#PI3960","PI3960","Client Individuals: Peri-urban","Number of unique individuals residing in peri-urban areas who were clients of the organization during the reporting period."
"https://codelist.commonapproach.org/IrisMetric53#PI3962","PI3962","Earnings of Distributor Individuals: Poor","Earnings of poor individual distributors as a result of selling the organization’s products/services during the reporting period."
"https://codelist.commonapproach.org/IrisMetric53#PI3972","PI3972","Distributor Individuals: Rural","Number of individuals residing in rural areas who served as distributors of the organization’s products/services during the reporting period."
"https://codelist.commonapproach.org/IrisMetric53#PI3995","PI3995","Distributor Individuals: Peri-urban","Number of individuals residing in peri-urban areas who served as distributors of the organization’s products/services during the reporting period."
"https://codelist.commonapproach.org/IrisMetric53#PI4060","PI4060","Client Individuals: Total","Number of unique individuals who were clients of the organization during the reporting period."
"https://codelist.commonapproach.org/IrisMetric53#PI4096","PI4096","Payments to Supplier Individuals: Rural","Value of payments made by the organization to individuals residing in rural areas who sold goods or services to the organization during the reporting period."
"https://codelist.commonapproach.org/IrisMetric53#PI4127","PI4127","Area of Trees Planted: Total","Area of land on which the organization planted trees during the reporting period."
"https://codelist.commonapproach.org/IrisMetric53#PI4128","PI4128","Products Recalled","Number of recalls of the organization’s products during the last reporting period."
"https://codelist.commonapproach.org/IrisMetric53#PI4142","PI4142","Value of Equity Investments Closed","Value of equity investments closed by the organization during the reporting period."
"https://codelist.commonapproach.org/IrisMetric53#PI4180","PI4180","After-sale Client Support","Indicates whether the organization provides support to its clients after a sale of its product/service."
"https://codelist.commonapproach.org/IrisMetric53#PI4237","PI4237","Client Individuals: Historically Marginalized","Number of unique individuals who belong to groups historically marginalized on the basis of race and/or ethnicity who were clients of the organization during the reporting period."
"https://codelist.commonapproach.org/IrisMetric53#PI4243","PI4243","Student to Toilet Ratio","Number of students per functioning toilet during the reporting period."
"https://codelist.commonapproach.org/IrisMetric53#PI4279","PI4279","Educational Resource to Student Ratio","Number of textbooks or digital educational resources per student provided by the organization during the reporting period."
"https://codelist.commonapproach.org/IrisMetric53#PI4341","PI4341","Earnings of Distributor Individuals: People with Disabilities","Earnings of individual distributors with disabilities as a result of selling the organization’s products/services during the reporting period."
"https://codelist.commonapproach.org/IrisMetric53#PI4509","PI4509","Students Provided Full Scholarship","Number of students receiving full scholarship during the reporting period."
"https://codelist.commonapproach.org/IrisMetric53#PI4515","PI4515","Length of Transmission Lines Built or Improved","Length of transmission lines built or improved by the organization during the reporting period."
"https://codelist.commonapproach.org/IrisMetric53#PI4548","PI4548","Client Household Size","Average household size of clients of the organization during the reporting period, measured as number of individuals."
"https://codelist.commonapproach.org/IrisMetric53#PI4554","PI4554","Value of New Education Facility Materials","Value of new educational facility materials provided to students by the organization during the reporting period."
"https://codelist.commonapproach.org/IrisMetric53#PI4555","PI4555","Percent Students Receiving Free and Subsidized School Meals","Percentage of students receiving free and subsidized school meals as of the end of the reporting period."
"https://codelist.commonapproach.org/IrisMetric53#PI4583","PI4583","New Businesses Created: Total","Number of new businesses created as a result of investments made by the organization during the reporting period."
"https://codelist.commonapproach.org/IrisMetric53#PI4716","PI4716","Protected Land Area: Total","Area of land with protected land status as of the end of the reporting period."
"https://codelist.commonapproach.org/IrisMetric53#PI4733","PI4733","Repayment Capacity Analysis","Indicates whether the organization conducts repayment capacity analyses for its clients."
"https://codelist.commonapproach.org/IrisMetric53#PI4765","PI4765","Area of Community Facilities Financed","Area of community facilities projected to be constructed or preserved as a result of investments made by the organization during the reporting period."
"https://codelist.commonapproach.org/IrisMetric53#PI4874","PI4874","Jobs in Directly Supported/Financed Enterprises","Number of full-time equivalent employees working for enterprises financed or supported by the organization as of the end of the reporting period."
"https://codelist.commonapproach.org/IrisMetric53#PI4881","PI4881","Earnings of Distributor Individuals: Total","Earnings of individual distributors as a result of selling the organization’s products/services during the reporting period."
"https://codelist.commonapproach.org/IrisMetric53#PI4907","PI4907","Area of Land Reforested","Area of land that the organization reforested during the reporting period."
"https://codelist.commonapproach.org/IrisMetric53#PI4924","PI4924","Student Promotion Rate","Percentage of students advancing from one grade of schooling to the next during the reporting period."
"https://codelist.commonapproach.org/IrisMetric53#PI4940","PI4940","Client Organizations: SME","Number of small to medium-sized enterprises (SMEs) that were clients of the organization during the reporting period."
"https://codelist.commonapproach.org/IrisMetric53#PI4982","PI4982","Units/Volume Purchased from Supplier Individuals: Smallholder","Units/volume purchased from smallholder farmers who sold to the reporting organization during the reporting period."
"https://codelist.commonapproach.org/IrisMetric53#PI5060","PI5060","Patients Completing Treatment","Number of patients who successfully completed the clinically recommended course of a health intervention during the reporting period."
"https://codelist.commonapproach.org/IrisMetric53#PI5066","PI5066","Number of Equity Investments Closed","Number of equity investments closed by the organization during the reporting period."
"https://codelist.commonapproach.org/IrisMetric53#PI5110","PI5110","Student to Teacher Ratio","Number of students per teacher during the reporting period."
"https://codelist.commonapproach.org/IrisMetric53#PI5160","PI5160","Average Loan Size Disbursed","Average loan size disbursed by the organization during the reporting period."
"https://codelist.commonapproach.org/IrisMetric53#PI5184","PI5184","Client Transactions","Number of sales or client transactions during the reporting period."
"https://codelist.commonapproach.org/IrisMetric53#PI5193","PI5193","Energy Transmitted: Total","Amount of energy transmitted by the organization during the reporting period (in MWh)."
"https://codelist.commonapproach.org/IrisMetric53#PI5216","PI5216","Complaints Ratio","Number of complaints registered per client of the reporting organization during the reporting period."
"https://codelist.commonapproach.org/IrisMetric53#PI5297","PI5297","Client Individuals: Forcibly Displaced","Number of unique individuals who were forcibly displaced and were clients of the organization during the reporting period."
"https://codelist.commonapproach.org/IrisMetric53#PI5350","PI5350","Supplier Individuals: Total","Number of individuals who sold goods or services to the organization during the reporting period."
"https://codelist.commonapproach.org/IrisMetric53#PI5352","PI5352","Individuals Trained: Advisory Services","Number of individuals who received one-on-one advisory services (sometimes called technical assistance) from the organization during the reporting period."
"https://codelist.commonapproach.org/IrisMetric53#PI5376","PI5376","Greenhouse Gas Reductions due to Products Sold","Amount of reductions in greenhouse gas (GHG) emissions over the lifetimes of products sold during the reporting period."
"https://codelist.commonapproach.org/IrisMetric53#PI5380","PI5380","Classroom Area per Student","Area of classroom space per student during the reporting period."
"https://codelist.commonapproach.org/IrisMetric53#PI5391","PI5391","Earnings of Distributor Individuals: Very Poor","Earnings of very poor individual distributors as a result of selling the organization’s products/services during the reporting period."
"https://codelist.commonapproach.org/IrisMetric53#PI5473","PI5473","Units/Volume Purchased from Supplier Organizations: SME","Units/volume from small- to medium-sized enterprises (SMEs) that sold to the reporting organization during the reporting period."
"https://codelist.commonapproach.org/IrisMetric53#PI5476","PI5476","Value of Loans Disbursed","Value of loans disbursed by the organization during the reporting period."
"https://codelist.commonapproach.org/IrisMetric53#PI5478","PI5478","Payments to Supplier Organizations: Total","Value of payments made to enterprises that sold goods or services to the organization during the reporting period."
"https://codelist.commonapproach.org/IrisMetric53#PI5489","PI5489","Target Stakeholder Spending: Energy","Amount of money spent by the average target stakeholder on sources of energy during the reporting period."
"https://codelist.commonapproach.org/IrisMetric53#PI5501","PI5501","Student to Classroom Ratio","Number of students per classroom during the reporting period."
"https://codelist.commonapproach.org/IrisMetric53#PI5576","PI5576","Client Organizations Led: Total","Number of client organizations as of the end of the reporting period in which the leader (or half or more of the leaders, if there are multiple) represents a specific group (for example, women or historically marginalized groups)."
"https://codelist.commonapproach.org/IrisMetric53#PI5583","PI5583","School Enrollment: Very Poor","Number of very poor students enrolled as of the end of the reporting period, both full- and part-time, with each discrete student counted once regardless of their number of courses."
"https://codelist.commonapproach.org/IrisMetric53#PI5587","PI5587","Length of Road Built or Improved","Length of road built or improved by the organization during the reporting period."
"https://codelist.commonapproach.org/IrisMetric53#PI5678","PI5678","Waste Reductions from Services Sold","Amount of waste reduced during the reporting period as a result of the organization's services."
"https://codelist.commonapproach.org/IrisMetric53#PI5683","PI5683","Service Hours Provided","Number of hours of service provided during the reporting period."
"https://codelist.commonapproach.org/IrisMetric53#PI5691","PI5691","Jobs Maintained at Directly Supported/Financed Enterprises: Total","Number of full-time equivalent employees working for enterprises financed or supported by the organization as of the end of the reporting period."
"https://codelist.commonapproach.org/IrisMetric53#PI5736","PI5736","Value of New Education Instructional Materials","Value of new educational instructional materials provided to students by the organization during the reporting period."
"https://codelist.commonapproach.org/IrisMetric53#PI5743","PI5743","Critical Equipment/Facility Utilization Rate","Utilization rate of an identified critical piece of equipment or facility during the reporting period."
"https://codelist.commonapproach.org/IrisMetric53#PI5750","PI5750","Area of Adjacent Protected Land","Area of protected land that shares a boundary with the organization's protected land as of the end of the reporting period."
"https://codelist.commonapproach.org/IrisMetric53#PI5776","PI5776","Percent Baggage Damaged or Lost","Percentage of baggage handled by the organization that is damaged, or that has contents damaged or lost, during the reporting period."
"https://codelist.commonapproach.org/IrisMetric53#PI5840","PI5840","Length of Coastline Present","Length of marine or freshwater coastline present during the reporting period on protected land, land under sustainable stewardship, or land under sustainable cultivation."
"https://codelist.commonapproach.org/IrisMetric53#PI5842","PI5842","Energy Generated for Sale: Renewable","Amount of renewable energy generated and sold to offtaker(s) during the reporting period."
"https://codelist.commonapproach.org/IrisMetric53#PI5920","PI5920","Sales Revenue: Exports","Value of the revenue from sales of exports of the product/service during the reporting period."
"https://codelist.commonapproach.org/IrisMetric53#PI5926","PI5926","Waste Reductions from Products Sold","Amount of waste reduced over the lifetime of products sold by the organization during the reporting period."
"https://codelist.commonapproach.org/IrisMetric53#PI5935","PI5935","Average Agricultural Yield","Evaluates average agricultural yield per hectare of the set implied by another metric. For example, this metric applied to Client Individuals (PI4060) would yield the average agricultural yield of the organization's (farmer) clients. Organizations should calculate this metric for each individual agricultural product. See usage guidance for further information."
"https://codelist.commonapproach.org/IrisMetric53#PI5954","PI5954","School Enrollment: People with Disabilities","Number of students with disabilities enrolled as of the end of the reporting period, both full- and part-time, with each discrete student counted once regardless of their number of courses."
"https://codelist.commonapproach.org/IrisMetric53#PI5965","PI5965","Number of Housing Units Financed","Number of housing units projected to be constructed or preserved as a result of investments made by the organization during the reporting period."
"https://codelist.commonapproach.org/IrisMetric53#PI5983","PI5983","Value of Commercial or Retail Infrastructure Financed","Value of commercial or retail infrastructure projected to be built or renovated as a result of investments made by the organization during the reporting period."
"https://codelist.commonapproach.org/IrisMetric53#PI6050","PI6050","Client Organizations: Receiving Free Services","Number of enterprise clients that received free products/services from the organization during the reporting period."
"https://codelist.commonapproach.org/IrisMetric53#PI6058","PI6058","Number of Housing Units Improved","Number of housing units improved or refurbished by the organization during the reporting period."
"https://codelist.commonapproach.org/IrisMetric53#PI6065","PI6065","Organizations Trained","Number of organizations that received training from the organization during the reporting period."
"https://codelist.commonapproach.org/IrisMetric53#PI6085","PI6085","Supplier Individuals: Peri-urban","Number of individuals residing in peri-urban areas who sold goods or services to the organization during the reporting period."
"https://codelist.commonapproach.org/IrisMetric53#PI6179","PI6179","Supplier Individuals: Urban","Number of individuals residing in urban areas who sold goods or services to the organization during the reporting period."
"https://codelist.commonapproach.org/IrisMetric53#PI6189","PI6189","Supplier Individuals: People with Disabilities","Number of individuals with disabilities who sold goods or services to the organization during the reporting period."
"https://codelist.commonapproach.org/IrisMetric53#PI6218","PI6218","Earnings of Distributor Organizations: Total","Earnings of distributor enterprises as a result of selling the organization’s products/services during the reporting period."
"https://codelist.commonapproach.org/IrisMetric53#PI6266","PI6266","Client Individuals: People with Disabilities","Number of unique individuals with disabilities who were clients of the organization during the reporting period."
"https://codelist.commonapproach.org/IrisMetric53#PI6303","PI6303","Eviction Rate","Percentage of permanent tenants involuntarily removed from housing units during the reporting period."
"https://codelist.commonapproach.org/IrisMetric53#PI6372","PI6372","Client Individuals: Smallholder","Number of unique smallholder farmer individuals who were clients during the reporting period."
"https://codelist.commonapproach.org/IrisMetric53#PI6385","PI6385","Supplier Organizations: Local","Number of local enterprises that sold goods or services to the organization during the reporting period."
"https://codelist.commonapproach.org/IrisMetric53#PI6414","PI6414","New Businesses Created: Low Income Areas","Number of new businesses created in low-income areas as a result of investments made by the organization during the reporting period."
"https://codelist.commonapproach.org/IrisMetric53#PI6439","PI6439","Number of Voluntary Savings Accounts","Number of voluntary savings accounts managed by the organization, including demand deposits and time deposits, as of the end of the reporting period."
"https://codelist.commonapproach.org/IrisMetric53#PI6471","PI6471","Average Vehicle Speed","Average speed of vehicles on roads, waterways, or in flight during the reporting period."
"https://codelist.commonapproach.org/IrisMetric53#PI6504","PI6504","Number of Routes Served","Number of directly connected port pairs or routes served during the reporting period."
"https://codelist.commonapproach.org/IrisMetric53#PI6569","PI6569","School Enrollment: Rural","Number of students residing in rural areas enrolled as of the end of the reporting period, both full- and part-time, with each discrete student counted once regardless of their number of courses."
"https://codelist.commonapproach.org/IrisMetric53#PI6646","PI6646","Units/Volume Purchased from Supplier Individuals: Historically Marginalized","Units/volume purchased from individuals belonging to groups historically marginalized on the basis of race and/or ethnicity who sold to the reporting organization during the reporting period."
"https://codelist.commonapproach.org/IrisMetric53#PI6652","PI6652","Client Individuals: Rural","Number of unique individuals residing in rural areas who were clients of the organization during the reporting period."
"https://codelist.commonapproach.org/IrisMetric53#PI6652","PI6652","Client Individuals: Rural","Organizations should footnote details on the certification and all other assumptions used, including source of data. See usage guidance for further information."
"https://codelist.commonapproach.org/IrisMetric53#PI6652","PI6652","Units/Volume Purchased from Supplier Organizations: Certified","Number of unique individuals residing in rural areas who were clients of the organization during the reporting period."
"https://codelist.commonapproach.org/IrisMetric53#PI6652","PI6652","Units/Volume Purchased from Supplier Organizations: Certified","Organizations should footnote details on the certification and all other assumptions used, including source of data. See usage guidance for further information."
"https://codelist.commonapproach.org/IrisMetric53#PI6659","PI6659","Distributor Individuals: Female","Number of female individuals who served as distributors of the organization’s products/services during the reporting period."
"https://codelist.commonapproach.org/IrisMetric53#PI6686","PI6686","Service Area Population","Number of individuals within the organization's service area (municipality, administrative region, or other geographic boundary) as of the end of the reporting period."
"https://codelist.commonapproach.org/IrisMetric53#PI6705","PI6705","Client Households: Very Poor","Number of unique very poor households that were clients of the organization during the reporting period."
"https://codelist.commonapproach.org/IrisMetric53#PI6751","PI6751","Client Individuals: Urban","Number of unique individuals residing in urban areas who were clients of the organization during the reporting period."
"https://codelist.commonapproach.org/IrisMetric53#PI6796","PI6796","Land Indirectly Controlled: Sustainably Managed","Area of land indirectly controlled by the organization and under sustainable cultivation or sustainable stewardship. Report indirectly controlled land area sustainably managed during the reporting period."
"https://codelist.commonapproach.org/IrisMetric53#PI6845","PI6845","Patients Screened","Number of patients screened for medical conditions, illnesses, or risk factors during the reporting period."
"https://codelist.commonapproach.org/IrisMetric53#PI6858","PI6858","Payments to Supplier Individuals: People with Disabilities","Value of payments made by the organization to individuals with disabilities who sold goods or services to the organization during the reporting period."
"https://codelist.commonapproach.org/IrisMetric53#PI6885","PI6885","Length of Streams Restored","Length of freshwater streams under management for ecological restoration on protected land, land under sustainable stewardship, or land under sustainable cultivation during the reporting period."
"https://codelist.commonapproach.org/IrisMetric53#PI6887","PI6887","Biodiversity Footprint","Describes the organization’s biodiversity footprint -- a measure of ecosystem intactness – on area directly or indirectly controlled by the organization as of the end of the reporting period."
"https://codelist.commonapproach.org/IrisMetric53#PI6894","PI6894","Client Organizations: New","Number of enterprises that were first-time clients of the organization during the reporting period."
"https://codelist.commonapproach.org/IrisMetric53#PI6941","PI6941","Cost Transparency","Indicates whether the organization fully discloses all pricing and cost information for its products and services to its clients."
"https://codelist.commonapproach.org/IrisMetric53#PI6971","PI6971","School Meals","Number of free or subsidized meals provided by the organization during the reporting period."
"https://codelist.commonapproach.org/IrisMetric53#PI6991","PI6991","Client Households: New","Number of unique households who were first-time clients of the organization during the reporting period."
"https://codelist.commonapproach.org/IrisMetric53#PI7015","PI7015","Greenhouse Gas Emissions of Energy Generated for Sale","Amount of greenhouse gases (GHG) emitted through production of energy by the organization that was delivered to offtaker(s) during the reporting period."
"https://codelist.commonapproach.org/IrisMetric53#PI7098","PI7098","Client Individuals: Low Income","Number of unique low-income individuals who were clients of the organization during the reporting period."
"https://codelist.commonapproach.org/IrisMetric53#PI7161","PI7161","Target Stakeholder Injuries","Number of injuries of the organization's target stakeholders during the reporting period."
"https://codelist.commonapproach.org/IrisMetric53#PI7163","PI7163","Target Stakeholder Satisfaction Ratio","Score reflecting the percentage of the organization’s target stakeholders who are likely to recommend the organization’s product or service as of the end of the reporting period, compared with the percentage who are unlikely to recommend it."
"https://codelist.commonapproach.org/IrisMetric53#PI7170","PI7170","Area of Fresh Water Bodies Present","Surface area of freshwater bodies present during the reporting period on protected land, land under sustainable stewardship, or land under sustainable cultivation."
"https://codelist.commonapproach.org/IrisMetric53#PI7191","PI7191","Healthcare Effective Coverage","Percentage of the organization's clients (patients) who received necessary health intervention(s) during the reporting period."
"https://codelist.commonapproach.org/IrisMetric53#PI7233","PI7233","Value of Housing Units Financed","Value of housing projected to be constructed or preserved as a result of investments made by the organization during the reporting period."
"https://codelist.commonapproach.org/IrisMetric53#PI7254","PI7254","School Enrollment: Poor","Number of poor students enrolled as of the end of the reporting period, both full- and part-time, with each discrete student counted once regardless of their number of courses."
"https://codelist.commonapproach.org/IrisMetric53#PI7268","PI7268","Classroom Space New/Improved","Area of classroom space built, converted, or expanded for use within educational facilities during the reporting period. Report only space completed during the reporting period."
"https://codelist.commonapproach.org/IrisMetric53#PI7289","PI7289","Units/Volume Sold: Certified","Amount of the product/service sold by the organization as certified during the reporting period."
"https://codelist.commonapproach.org/IrisMetric53#PI7318","PI7318","Client Households: Low Income","Number of unique low-income households that were clients of the organization during the reporting period."
"https://codelist.commonapproach.org/IrisMetric53#PI7321","PI7321","Sales Revenue: Certified","Value of revenue received from sales of the organization’s certified products during the reporting period."
"https://codelist.commonapproach.org/IrisMetric53#PI7395","PI7395","Target Stakeholder Spending: Health","Describes a target stakeholder's health spending as a share of their income or expenditures, or disaggregates another metric in terms of health spending as a share of income or expenditures. Select one:
- Below 10%
- 10–25
- Greater than 25%"
"https://codelist.commonapproach.org/IrisMetric53#PI7403","PI7403","Land Indirectly Controlled: Cultivated","Area of land indirectly controlled by the organization and under cultivation. Report indirectly controlled land area cultivated during the reporting period."
"https://codelist.commonapproach.org/IrisMetric53#PI7467","PI7467","Effective Interest Rate (EIR)","Value of the effective interest rate (EIR) for the organization’s most representative loan product during the reporting period."
"https://codelist.commonapproach.org/IrisMetric53#PI7569","PI7569","Value of Loans Outstanding","Value of disbursed loans remaining on the organization's balance sheet at the end of the reporting period."
"https://codelist.commonapproach.org/IrisMetric53#PI7623","PI7623","Energy Savings from Products Sold","Amount of energy savings over the lifetime of products sold by the organization during the reporting period."
"https://codelist.commonapproach.org/IrisMetric53#PI7643","PI7643","Purchase Price of Product or Service Sold","Value of the purchase price paid by clients for a product or service sold by the organization."
"https://codelist.commonapproach.org/IrisMetric53#PI7728","PI7728","Species: Total","Indicates the number of different species (species richness) present within the area managed directly or indirectly by the organization as of the end of the reporting period."
"https://codelist.commonapproach.org/IrisMetric53#PI7774","PI7774","School Enrollment: Historically Marginalized","Number of students who belong to groups historically marginalized due to race and/or ethnicity and who are enrolled as of the end of the reporting period, both full- and part-time, with each discrete student counted once regardless of their number of courses."
"https://codelist.commonapproach.org/IrisMetric53#PI7814","PI7814","Payments to Supplier Individuals: Historically Marginalized","Value of payments made by the organization to individuals who belong to groups historically marginalized on the basis of race and/or ethnicity and who sold goods or services to the organization during the reporting period."
"https://codelist.commonapproach.org/IrisMetric53#PI7815","PI7815","Payments to Supplier Individuals: Poor","Value of payments made by the organization to poor individuals who sold goods or services to the organization during the reporting period."
"https://codelist.commonapproach.org/IrisMetric53#PI7834","PI7834","Product/Service Warranty","Indicates whether the organization provides a warranty for its product or service."
"https://codelist.commonapproach.org/IrisMetric53#PI7852","PI7852","Payments to Supplier Individuals: Smallholder","Value of payments made to smallholder farmer individuals who sold to the organization during the reporting period."
"https://codelist.commonapproach.org/IrisMetric53#PI7867","PI7867","Payments to Supplier Organizations: SME","Value of payments to small and medium-sized enterprises (SMEs) that sold goods or services to the organization during the reporting period."
"https://codelist.commonapproach.org/IrisMetric53#PI7869","PI7869","Client Organizations Founded: Total","Number of client organizations as of the end of the reporting period in which half or more of the lead founder(s) represent a specific group (for example, women)."
"https://codelist.commonapproach.org/IrisMetric53#PI7871","PI7871","Teaching Experience","Average number of years of formal education for teachers and instructors as of the end of the reporting period."
"https://codelist.commonapproach.org/IrisMetric53#PI7902","PI7902","Claims Rejection Ratio","Percentage of claims made by clients of the organization that were rejected during the reporting period relative to the total claims submitted to the organization during the reporting period."
"https://codelist.commonapproach.org/IrisMetric53#PI7923","PI7923","Units/Volume Purchased from Supplier Individuals: Total","Units/volume from individuals who sold to the reporting organization during the reporting period."
"https://codelist.commonapproach.org/IrisMetric53#PI7940","PI7940","Value of Equity Investments Outstanding","Value of equity investments on the organization's balance sheet at the end of the reporting period."
"https://codelist.commonapproach.org/IrisMetric53#PI7952","PI7952","Client Households: Peri-urban","Number of unique households in peri-urban areas that were clients of the organization during the reporting period."
"https://codelist.commonapproach.org/IrisMetric53#PI7954","PI7954","Client Households: Total","Number of unique households that were clients of the organization during the reporting period."
"https://codelist.commonapproach.org/IrisMetric53#PI7985","PI7985","Active Use","Disaggregates another metric in terms of active use. For example, Client Individuals (PI4060) disaggregated by this metric, option \"active,\" would yield Active Users in many contexts. See usage guidance for further information.

Select one:
- Active
- Inactive
- Data not available
- Other (write-in)"
"https://codelist.commonapproach.org/IrisMetric53#PI7997","PI7997","Individuals Trained: Group-Based Training","Number of individuals who received group-based training from the organization during the reporting period."
"https://codelist.commonapproach.org/IrisMetric53#PI8007","PI8007","Number of Community Facilities Financed","Number of community facilities projected to be built, renovated, or purchased as a result of investments made by the organization during the reporting period."
"https://codelist.commonapproach.org/IrisMetric53#PI8018","PI8018","Claims Submitted","Number of claims submitted to the organization during the reporting period."
"https://codelist.commonapproach.org/IrisMetric53#PI8021","PI8021","Earnings of Distributor Organizations: Microenterprises","Earnings of microenterprise distributors as a result of selling the organization’s products/services during the reporting period."
"https://codelist.commonapproach.org/IrisMetric53#PI8027","PI8027","Species Abundance","Indicates the number of individuals of a particular species that are present on area directly or indirectly controlled by the organization as of the end of the reporting period."
"https://codelist.commonapproach.org/IrisMetric53#PI8043","PI8043","Water Provided for Sale: Potable","Volume of potable water provided and delivered to offtaker(s) during the reporting period."
"https://codelist.commonapproach.org/IrisMetric53#PI8053","PI8053","Number of Household and Business Connections","Number of residential and commercial connections to utilities and services provided by the organization as of the end of the reporting period."
"https://codelist.commonapproach.org/IrisMetric53#PI8069","PI8069","School Enrollment: Urban","Number of students residing in urban areas enrolled as of the end of the reporting period, both full- and part-time, with each discrete student counted once regardless of their number of courses."
"https://codelist.commonapproach.org/IrisMetric53#PI8145","PI8145","Target Stakeholder Fatalities","Number of fatalities of the organization's target stakeholders during the reporting period."
"https://codelist.commonapproach.org/IrisMetric53#PI8163","PI8163","Client Households: Rural","Number of unique households in rural areas that were clients of the organization during the reporting period."
"https://codelist.commonapproach.org/IrisMetric53#PI8168","PI8168","Percent Revenue Generated from Social/Environmental Products and Services","Percentage of revenue that the organization earns from projects and services designed to deliver a specific social or environmental benefit during the reporting period."
"https://codelist.commonapproach.org/IrisMetric53#PI8177","PI8177","Non-hazardous Waste Avoided","Amount of non-hazardous waste disposal avoided through refurbishing, reusing, and recycling as part of delivering or developing the organization's products and services during the reporting period."
"https://codelist.commonapproach.org/IrisMetric53#PI8255","PI8255","Responsible Financial Products/Services Offered","Describes the use of the financial product/service provided by the organization, or disaggregates another metric in terms of one or more financial product or service. For loans, this is often called \"loan type.\"

Select any that apply:

Basic Services
- Mortgage
- Home equity
- Education
- Green financing
- Lease financing
- Emergency
- Group lending
- Other (write-in)

Business
- Working capital
- Asset financing
- Term loans
- Invoice financing
- Other (write-in)

Other (write-in)"
"https://codelist.commonapproach.org/IrisMetric53#PI8329","PI8329","Units/Volume Sold: Free","Amount of the product/service provided by the organization for free during the reporting period."
"https://codelist.commonapproach.org/IrisMetric53#PI8330","PI8330","Client Individuals: Female","Number of unique women who were clients of the organization during the reporting period."
"https://codelist.commonapproach.org/IrisMetric53#PI8337","PI8337","Supplier Individuals: Very Poor","Number of very poor individuals who sold goods or services to the organization during the reporting period."
"https://codelist.commonapproach.org/IrisMetric53#PI8372","PI8372","Student Tests Pass Rate","Percentage of students at a school passing standardized tests offered by a regional governance body during the reporting period."
"https://codelist.commonapproach.org/IrisMetric53#PI8381","PI8381","Number of Loans Disbursed","Number of loans disbursed by the organization during the reporting period."
"https://codelist.commonapproach.org/IrisMetric53#PI8394","PI8394","Space Per Passenger","Amount of space per passenger (in an airport, passenger port, or vehicle) during the reporting period."
"https://codelist.commonapproach.org/IrisMetric53#PI8415","PI8415","Distributor Organizations: Microenterprises","Number of microenterprises that served as distributors of the organization’s products/services during the reporting period."
"https://codelist.commonapproach.org/IrisMetric53#PI8418","PI8418","Units/Volume Purchased from Supplier Organizations: Local","Units/volume from local organizations that sold to the reporting organization during the reporting period."
"https://codelist.commonapproach.org/IrisMetric53#PI8454","PI8454","Units/Volume Sold: No Direct Payment","Amount of the product/service sold during the reporting period for which no direct payment was provided to the organization at the time of service but for which the organization expects to be reimbursed."
"https://codelist.commonapproach.org/IrisMetric53#PI8470","PI8470","Distributor Individuals: Historically Marginalized","Number of individuals who belong to groups historically marginalized on the basis of race and/or ethnicity and who served as distributors of the organization’s products/services during the reporting period."
"https://codelist.commonapproach.org/IrisMetric53#PI8632","PI8632","Percent Supplier Payments to Stallholders","Payments made to smallholder farmer suppliers as a percentage of total payments made to all suppliers of the organization during the reporting period."
"https://codelist.commonapproach.org/IrisMetric53#PI8706","PI8706","Energy Generated for Sale: Total","Amount of energy generated and sold to offtaker(s) during the reporting period."
"https://codelist.commonapproach.org/IrisMetric53#PI8732","PI8732","Client Individuals: New","Number of unique individuals who were first-time clients of the organization during the reporting period."
"https://codelist.commonapproach.org/IrisMetric53#PI8768","PI8768","Client Housing Quality Satisfaction","NOTE: This metric has been discontinued. Please use Target Stakeholder Satisfaction Score (PI7163)."
"https://codelist.commonapproach.org/IrisMetric53#PI8785","PI8785","Number of Insurance Policies","Number of insurance policies managed by the organization as of the end of the reporting period."
"https://codelist.commonapproach.org/IrisMetric53#PI8819","PI8819","Supplier Individuals: Low Income","Number of low-income individuals who sold goods or services to the organization during the reporting period."
"https://codelist.commonapproach.org/IrisMetric53#PI8836","PI8836","Vocational/Technical Training","Number of students receiving vocational or technical training during the reporting period."
"https://codelist.commonapproach.org/IrisMetric53#PI8919","PI8919","Promptness of Claims Processing","Average number of days elapsed between the submission of a completed claim by a stakeholder (client of the organization) and their receipt of payment or claim denial, for all claims settled during the reporting period."
"https://codelist.commonapproach.org/IrisMetric53#PI8943","PI8943","Earnings of Distributor Individuals: Rural","Earnings of individual distributors residing in rural areas as a result of selling the organization’s products/services during the reporting period."
"https://codelist.commonapproach.org/IrisMetric53#PI8952","PI8952","Client Organizations: No Direct Payment","Number of enterprise clients that received products/services during the reporting period for which the organization was provided no direct payment at the time of service but for which the organization expects to be reimbursed."
"https://codelist.commonapproach.org/IrisMetric53#PI8982","PI8982","Distributor Individuals: Urban","Number of individuals residing in urban areas who served as distributors of the organization’s products/services during the reporting period."
"https://codelist.commonapproach.org/IrisMetric53#PI8999","PI8999","Payments to Supplier Individuals: Low Income","Value of payments made by the organization to low-income individuals who sold goods or services to the organization during the reporting period."
"https://codelist.commonapproach.org/IrisMetric53#PI9024","PI9024","Average Student Test Score","Average test score (as a percentage of a perfect score) earned by students served by the organization during the reporting period."
"https://codelist.commonapproach.org/IrisMetric53#PI9029","PI9029","Units/Volume Sold: Exported","Amount of the product/service exported by the organization during the reporting period."
"https://codelist.commonapproach.org/IrisMetric53#PI9048","PI9048","Payments to Supplier Individuals: Very Poor","Value of payments made by the organization to very poor individuals who sold goods or services to the organization during the reporting period."
"https://codelist.commonapproach.org/IrisMetric53#PI9113","PI9113","Distributor Individuals: Very Poor","Number of very poor individuals who served as distributors of the organization’s products/services during the reporting period."
"https://codelist.commonapproach.org/IrisMetric53#PI9151","PI9151","Number of Threatened Species","Number of threatened species present on land directly controlled by the organization during the reporting period."
"https://codelist.commonapproach.org/IrisMetric53#PI9170","PI9170","Area of Buildings Reused","Area of buildings projected to be renovated or remodeled for building reuse as a result of investments made by the organization during the reporting period."
"https://codelist.commonapproach.org/IrisMetric53#PI9250","PI9250","Active Borrowers per Loan Officer","Number of active borrowers (clients) per loan officer at the organization as of the end of the reporting period."
"https://codelist.commonapproach.org/IrisMetric53#PI9261","PI9261","Supplier Individuals: Historically Marginalized","Number of individuals who belong to groups historically marginalized on the basis of race and/or ethnicity and who sold goods or services to the organization during the reporting period."
"https://codelist.commonapproach.org/IrisMetric53#PI9319","PI9319","Client Retention Rate","Ratio of the number of the organization's active clients retained from as of the end of the reporting period compared to the number of active clients with which the organization began the reporting period."
"https://codelist.commonapproach.org/IrisMetric53#PI9327","PI9327","Client Individuals: Active","Number of unique individuals who were active clients of the organization as of the end of the reporting period."
"https://codelist.commonapproach.org/IrisMetric53#PI9401","PI9401","Distributor Organizations: SME","Number of small and medium-sized enterprises (SMEs) that served as distributors of the organization’s products/services during the reporting period."
"https://codelist.commonapproach.org/IrisMetric53#PI9409","PI9409","Client Income","Disaggregates another metric in terms of client income. For example, Client Individuals (PI4060) disaggregated by this metric would yield the number of clients with increased, decreased, or no change in income. See usage guidance for further information.

Report all:
- Large increase in income (double or more)
- Small increase in income (less than doubled)
- Decrease in income
- No change in income
- Data not available
- Other (write-in)"
"https://codelist.commonapproach.org/IrisMetric53#PI9421","PI9421","Average Client Agriculture Yield: Smallholder","Average agricultural yield per hectare of clients (who were smallholder farmers) of the organization during the reporting period."
"https://codelist.commonapproach.org/IrisMetric53#PI9428","PI9428","Units/Volume Purchased from Supplier Individuals: Female","Units/volume purchased from female individuals who sold to the organization during the reporting period."
"https://codelist.commonapproach.org/IrisMetric53#PI9435","PI9435","Client Complaint Tracking System","Indicates whether the organization has a system in place to receive and resolve client complaints."
"https://codelist.commonapproach.org/IrisMetric53#PI9448","PI9448","Energy Capacity Added","Amount of new energy capacity connected to the grid during the reporting period, measured in MW."
"https://codelist.commonapproach.org/IrisMetric53#PI9465","PI9465","Job Placements","Number of the organization's clients who were placed in part-time, full-time, temporary, or permanent jobs during the reporting period."
"https://codelist.commonapproach.org/IrisMetric53#PI9467","PI9467","Gender Ratio of Promotions","Ratio between the number of female employees promoted from within the organization and the number of non-female employees promoted from within the organization during the reporting period."
"https://codelist.commonapproach.org/IrisMetric53#PI9468","PI9468","Water Provided for Sale: Total","Volume of water provided and delivered to offtaker(s) during the reporting period."
"https://codelist.commonapproach.org/IrisMetric53#PI9495","PI9495","Supplier Organizations: SME","Number of small and medium-sized enterprises (SMEs) that sold goods or services to the organization during the reporting period."
"https://codelist.commonapproach.org/IrisMetric53#PI9516","PI9516","Distributor Individuals: Poor","Number of poor individuals who served as distributors of the organization’s products/services during the reporting period."
"https://codelist.commonapproach.org/IrisMetric53#PI9556","PI9556","Ecological Restoration Management Area","Area of land under management for ecological restoration during the reporting period, whether directly or indirectly controlled by the organization."
"https://codelist.commonapproach.org/IrisMetric53#PI9566","PI9566","Supplier Organizations: Total","Number of enterprises that sold goods or services to the organization during the reporting period."
"https://codelist.commonapproach.org/IrisMetric53#PI9622","PI9622","Client Individuals: Receiving Free Products/Services","Number of unique client individuals who received free products/services from the organization during the reporting period."
"https://codelist.commonapproach.org/IrisMetric53#PI9626","PI9626","Target Stakeholder Spending: Total","Average amount of money spent by target stakeholders during the reporting period."
"https://codelist.commonapproach.org/IrisMetric53#PI9652","PI9652","Client Organizations: Total","Number of enterprises that were clients of the organization during the reporting period."
"https://codelist.commonapproach.org/IrisMetric53#PI9654","PI9654","Earnings of Distributor Individuals: Historically Marginalized","Earnings of individuals who belong to groups historically marginalized due to race and/or ethnicity as a result of selling the organization’s products/services during the reporting period."
"https://codelist.commonapproach.org/IrisMetric53#PI9676","PI9676","Earnings of Distributor Individuals: Urban","Earnings of individual distributors residing in urban areas as a result of selling the organization’s products/services during the reporting period."
"https://codelist.commonapproach.org/IrisMetric53#PI9713","PI9713","Client Organizations: Microenterprises","Number of microenterprises that were clients of the organization during the reporting period."
"https://codelist.commonapproach.org/IrisMetric53#PI9835","PI9835","Client Individuals: Very Poor","Number of unique very poor individuals who were clients of the organization during the reporting period."
"https://codelist.commonapproach.org/IrisMetric53#PI9850","PI9850","Payments to Supplier Individuals: Peri-Urban","Value of payments made by the organization to individuals residing in peri-urban areas who sold goods or services to the organization during the reporting period."
"https://codelist.commonapproach.org/IrisMetric53#PI9872","PI9872","Client Dropout Reasons","Describes main reasons clients drop out of a service or program (e.g., time constraints, financial constraints, disinterest)."
"https://codelist.commonapproach.org/IrisMetric53#PI9878","PI9878","Greenhouse Gas Emissions Sequestered","Amount of greenhouse gas (GHG) emissions sequestered by the organization during the reporting period."
"https://codelist.commonapproach.org/IrisMetric53#PI9897","PI9897","Promptness of Claims Settlement","Average number of days elapsed between the occurrence of an insured incident and the receipt of payment or claim denial by the stakeholder (client of the organization), for all claims settled (or rejected) during the reporting period."
"https://codelist.commonapproach.org/IrisMetric53#PI9910","PI9910","Student Dropout Rate","Percentage of students who were attending school at the beginning of the reporting period but who dropped out during the reporting period."
"https://codelist.commonapproach.org/IrisMetric53#PI9973","PI9973","Earnings of Distributor Individuals: Peri-urban","Value of payments made by the organization to individuals residing in peri-urban areas who sold goods or services to the organization during the reporting period."
"https://codelist.commonapproach.org/IrisMetric53#PI9988","PI9988","Purchase Contracts","Number of contracts and purchase agreements that the organization holds for purchase of its products/services. Disaggregate by contracts fulfilled and contracts outstanding as of the end of the reporting period."
"https://codelist.commonapproach.org/IrisMetric53#PI9991","PI9991","Supplier Individuals: Smallholder","Number of smallholder farmer individuals who sold to the organization during the reporting period."
"https://codelist.commonapproach.org/IrisMetric53#PI9996","PI9996","Provided New Access","Describes the type of prior access in a market available to an organization's clients, or disaggregates another metric in terms of type of prior access available in a market.

Select any that apply by impact theme:

Clean Energy
- Previously accessed ‘dirty’ energy
- Previously lacked any energy access
- Previously accessed less efficient energy
- Did not previously lack clean energy access
- Other (write-in)

Other
- Write-in"
